company_id,year,ROE,EPS,OPM,Performance_Score
INDIGO,2015,4939.39,42481.0,1904.0,15291.256000000001
INDIGO,2013,17886.36,25647.0,855.0,15105.144
COALINDIA,2024,45.17,61.0,47971.0,14427.668
COALINDIA,2023,52.14,52.0,44232.0,13306.056
INDIGO,2014,10772.73,15454.0,433.0,9075.192
HDFCBANK,2023,15.94,82.0,29932.0,9010.576000000001
HINDALCO,2022,17.56,61.0,28347.0,8529.424
COALINDIA,2019,66.01,28.0,25007.0,7536.9039999999995
COALINDIA,2022,40.28,28.0,24721.0,7440.811999999999
HINDALCO,2024,9.57,45.0,23872.0,7178.928
BEL,2015,17100.0,2.0,17.0,6845.700000000001
HINDALCO,2023,10.65,45.0,22666.0,6817.56
COALINDIA,2020,51.93,27.0,21581.0,6503.1720000000005
HDFCBANK,2022,15.43,69.0,20795.0,6265.372
BEL,2013,15183.33,1.0,11.0,6076.932000000001
BAJFINANCE,2024,18.84,233.0,19987.0,6073.535999999999
COALINDIA,2016,40.96,23.0,18714.0,5637.4839999999995
COALINDIA,2021,34.78,21.0,18628.0,5608.612
COALINDIA,2013,35.81,27.0,18087.0,5448.523999999999
BEL,2014,13600.0,1.0,14.0,5444.5
COALINDIA,2014,35.64,24.0,17766.0,5351.256
INDIGO,2024,892.57,212.0,16331.0,5319.928
HINDALCO,2021,5.23,16.0,17559.0,5274.592
COALINDIA,2015,34.02,22.0,17343.0,5223.107999999999
HDFCBANK,2021,15.18,58.0,16848.0,5077.871999999999
HDFCBANK,2019,14.61,41.0,16592.0,4995.744
BAJFINANCE,2023,21.17,190.0,16018.0,4870.8679999999995
HINDALCO,2019,9.56,24.0,15511.0,4664.3240000000005
BEL,2016,11141.67,2.0,19.0,4462.968000000001
HINDUNILVR,2024,20.07,44.0,14659.0,4418.928
HDFCBANK,2020,15.48,50.0,14593.0,4399.092
HINDALCO,2020,6.460000000000001,17.0,14306.0,4299.484
HINDUNILVR,2023,20.16,43.0,14147.0,4265.063999999999
AXISBANK,2023,7.380000000000001,31.0,13857.0,4169.352
HINDALCO,2018,11.09,27.0,13695.0,4121.036
BEL,2017,10153.33,2.0,21.0,4068.2320000000004
HDFCBANK,2018,16.94,36.0,13374.0,4029.776
HINDUNILVR,2022,18.12,38.0,12857.0,3875.748
COALINDIA,2017,37.85,15.0,12448.0,3754.0399999999995
HINDALCO,2017,4.09,8.0,12317.0,3699.136
AXISBANK,2024,15.83,81.0,11952.0,3616.232
HINDUNILVR,2021,16.78,34.0,11626.0,3504.7119999999995
HDFCBANK,2017,16.69,30.0,11374.0,3427.8759999999997
BAJFINANCE,2022,16.08,116.0,9906.0,3013.0319999999997
HINDUNILVR,2020,82.1,31.0,9861.0,3000.4399999999996
COALINDIA,2018,34.88,11.0,9288.0,2803.652
HDFCBANK,2016,17.25,25.0,9037.0,2725.5
HINDUNILVR,2019,77.03,28.0,8880.0,2703.212
HINDALCO,2015,0.6799999999999999,4.0,8844.0,2654.672
HINDALCO,2014,5.41,11.0,8024.0,2412.6639999999998
HINDALCO,2016,-1.73,-1.0,7778.0,2332.408
HINDALCO,2013,8.51,16.0,7699.0,2317.904
BAJFINANCE,2020,16.28,87.0,7608.0,2315.012
HINDUNILVR,2018,71.78999999999999,24.0,7499.0,2285.616
HDFCBANK,2015,16.95,21.0,7214.0,2177.2799999999997
INDIGO,2023,-40.8,-8.0,6521.0,1937.58
HINDUNILVR,2017,66.58,21.0,6328.0,1931.3319999999999
BAJFINANCE,2019,20.28,69.0,6310.0,1921.812
BAJFINANCE,2021,11.97,73.0,6314.0,1920.888
BANKBARODA,2023,14.28,29.0,6329.0,1913.1119999999999
CIPLA,2024,15.55,51.0,6291.0,1908.82
BEL,2024,4744.05,5.0,25.0,1906.6200000000001
BEL,2018,4616.13,2.0,20.0,1853.0520000000001
INDIGO,2018,2242.0,58.0,3030.0,1823.2
HINDUNILVR,2016,63.14999999999999,19.0,5910.0,1803.96
HDFCBANK,2014,19.85,18.0,5602.0,1693.9399999999998
HINDUNILVR,2015,108.67,20.0,5412.0,1673.068
HEROMOTOCO,2018,31.09,186.0,5334.0,1668.4360000000001
HEROMOTOCO,2024,21.14,187.0,5235.0,1635.056
BEL,2023,3981.33,4.0,23.0,1600.6320000000003
INDIGO,2016,1534.78,55.0,3164.0,1579.612
HAL,2024,3816.58,114.0,32.0,1570.432
HEROMOTOCO,2019,26.42,172.0,5025.0,1569.6680000000001
BEL,2019,3851.02,3.0,24.0,1548.5080000000003
CIPLA,2023,12.1,35.0,5027.0,1523.4399999999998
HINDUNILVR,2014,111.85,18.0,4759.0,1477.8400000000001
HEROMOTOCO,2017,34.37,179.0,4585.0,1442.948
BEL,2021,3559.32,3.0,23.0,1431.5280000000002
BEL,2022,3478.26,3.0,22.0,1398.804
HEROMOTOCO,2016,35.23,157.0,4424.0,1388.392
CHOLAFIN,2024,17.46,41.0,4548.0,1383.684
CIPLA,2022,12.22,31.0,4553.0,1380.088
HAL,2022,3324.18,76.0,22.0,1359.072
INDIGO,2017,1692.86,46.0,2219.0,1356.6439999999998
HAL,2023,3283.05,87.0,25.0,1346.8200000000002
BEL,2020,3318.18,3.0,21.0,1334.472
HINDUNILVR,2013,134.0,18.0,4220.0,1325.0
CIPLA,2021,13.04,30.0,4252.0,1289.8159999999998
HEROMOTOCO,2020,25.4,182.0,4070.0,1285.76
HEROMOTOCO,2023,16.81,141.0,4099.0,1278.7240000000002
HEROMOTOCO,2021,19.05,146.0,4058.0,1268.82
BANKBARODA,2024,15.76,36.0,4102.0,1247.704
BAJFINANCE,2018,15.75,43.0,3935.0,1199.7
INDIGO,2020,-138.55,-6.0,4069.0,1163.48
HEROMOTOCO,2014,37.38,105.0,3553.0,1112.3519999999999
HEROMOTOCO,2015,36.15,118.0,3520.0,1105.86
HDFCBANK,2013,18.84,14.0,3534.0,1071.9360000000001
CHOLAFIN,2023,18.58,32.0,3515.0,1071.532
AXISBANK,2016,15.36,35.0,3466.0,1056.444
HEROMOTOCO,2022,14.7,116.0,3256.0,1017.4799999999999
CIPLA,2020,9.52,19.0,3206.0,971.308
AXISBANK,2022,11.01,42.0,3170.0,968.004
AXISBANK,2015,16.37,31.0,3097.0,944.9479999999999
CIPLA,2019,9.94,19.0,3097.0,938.776
INDUSINDBK,2024,14.25,115.0,2978.0,933.6
HAL,2021,2249.31,48.0,23.0,921.024
CHOLAFIN,2022,18.3,26.0,2924.0,892.3199999999999
BAJFINANCE,2017,19.13,33.0,2867.0,877.652
CIPLA,2018,9.96,18.0,2826.0,857.184
HAL,2020,2059.42,42.0,23.0,843.268
HAL,2017,1966.92,36.0,18.0,802.968
ICICIGI,2024,15.72,39.0,2577.0,791.088
CIPLA,2017,8.25,13.0,2496.0,756.0
CIPLA,2016,12.01,17.0,2480.0,753.904
HAL,2019,1763.91,35.0,23.0,722.964
AXISBANK,2014,16.19,26.0,2307.0,706.376
CIPLA,2013,17.13,19.0,2214.0,676.752
CIPLA,2015,11.38,15.0,2163.0,657.952
CIPLA,2014,13.97,17.0,2147.0,654.788
INDUSINDBK,2023,13.53,95.0,2067.0,654.0120000000001
CHOLAFIN,2021,15.84,19.0,2094.0,640.2359999999999
ICICIGI,2021,19.38,32.0,2072.0,638.952
HAL,2018,1528.46,30.0,19.0,626.0840000000001
BAJFINANCE,2016,17.22,24.0,1986.0,609.8879999999999
CHOLAFIN,2019,19.28,15.0,1888.0,578.612
ICICIPRULI,2016,31.0,12.0,1842.0,568.6
ICICIPRULI,2017,26.26,12.0,1806.0,555.904
ICICIGI,2020,19.47,26.0,1772.0,547.188
ICICIPRULI,2018,24.63,11.0,1771.0,544.452
CHOLAFIN,2020,12.85,13.0,1699.0,518.74
ICICIGI,2019,19.43,23.0,1669.0,515.372
ICICIPRULI,2015,31.15,11.0,1655.0,512.26
ICICIPRULI,2014,35.61,11.0,1504.0,468.74399999999997
CHOLAFIN,2018,17.91,12.0,1451.0,446.064
BAJFINANCE,2015,18.71,18.0,1367.0,422.984
AXISBANK,2013,15.62,22.0,1353.0,418.748
ICICIGI,2023,16.55,35.0,1264.0,396.32
HDFCLIFE,2021,15.75,7.0,1235.0,378.9
HDFCLIFE,2019,22.65,6.0,1215.0,375.36
CHOLAFIN,2017,16.71,9.0,1143.0,352.284
HDFCLIFE,2020,19.05,6.0,1141.0,351.72
NAUKRI,2022,74.71,991.0,28.0,335.584
HDFCLIFE,2018,23.53,6.0,1074.0,333.412
ICICIGI,2022,13.83,26.0,1016.0,318.132
BANKBARODA,2013,14.51,23.0,1006.0,314.504
INDUSINDBK,2018,15.13,60.0,942.0,306.652
HDFCLIFE,2017,23.18,4.0,972.0,302.07199999999995
HDFCLIFE,2016,26.33,4.0,953.0,297.63199999999995
ICICIGI,2017,18.0,16.0,919.0,287.7
BANKBARODA,2015,9.4,18.0,902.0,279.76
CHOLAFIN,2016,15.67,7.0,899.0,278.068
HDFCLIFE,2015,30.93,4.0,874.0,275.772
BOSCHLTD,2024,20.64,844.0,13.0,265.356
BANKBARODA,2014,13.31,23.0,809.0,254.92399999999998
ICICIPRULI,2013,38.25,11.0,745.0,242.1
ICICIGI,2016,15.66,11.0,764.0,238.76399999999998
HDFCLIFE,2022,8.5,6.0,778.0,238.59999999999997
BAJAJHLDNG,2024,13.58,653.0,92.0,228.932
CHOLAFIN,2015,16.6,6.0,696.0,217.23999999999998
SHREECEM,2023,12.71,664.0,17.0,209.384
SHREECEM,2021,15.18,646.0,30.0,208.87199999999999
CANBK,2013,11.9,12.0,655.0,204.86
HDFCLIFE,2014,37.6,4.0,605.0,197.74
ABB,2024,32.47,565.0,25.0,189.988
ABB,2024,32.47,565.0,25.0,189.988
BOSCHLTD,2017,19.79,570.0,19.0,184.61599999999999
CHOLAFIN,2014,16.09,5.0,578.0,181.336
BOSCHLTD,2019,17.51,542.0,18.0,175.004
LT,2013,395.15,38.0,15.0,173.96
HDFCLIFE,2013,33.43,2.0,525.0,171.472
ICICIPRULI,2019,16.58,8.0,541.0,171.332
HDFCLIFE,2024,10.73,7.0,531.0,165.69199999999998
BOSCHLTD,2016,16.06,488.0,19.0,158.524
BAJAJHLDNG,2023,11.19,436.0,73.0,157.176
BOSCHLTD,2023,12.93,483.0,13.0,153.972
SHREECEM,2024,8.37,480.0,22.0,153.948
ABB,2023,29.77,447.0,23.0,152.908
ABB,2023,29.77,447.0,23.0,152.908
CHOLAFIN,2013,15.78,4.0,472.0,149.112
BOSCHLTD,2018,13.74,449.0,18.0,145.596
SHREECEM,2020,11.72,426.0,29.0,141.188
BOSCHLTD,2015,18.21,426.0,16.0,139.88400000000001
MARUTI,2024,15.75,429.0,13.0,138.9
LT,2014,303.42,35.0,17.0,136.968
BAJAJHLDNG,2022,9.63,364.0,76.0,135.852
INDUSINDBK,2017,13.89,48.0,379.0,133.656
SHREECEM,2018,15.56,397.0,25.0,132.824
BOSCHLTD,2022,11.39,413.0,12.0,132.05599999999998
SHREECEM,2017,17.39,384.0,29.0,130.856
ABB,2022,28.33,376.0,22.0,130.732
ABB,2022,28.33,376.0,22.0,130.732
BAJAJHLDNG,2021,9.83,328.0,77.0,125.43199999999999
LTIM,2014,61.86000000000001,309.0,23.0,124.34400000000001
SHREECEM,2022,7.27,352.0,25.0,116.008
INDUSINDBK,2016,12.92,38.0,329.0,115.268
INDUSINDBK,2014,15.57,27.0,335.0,114.828
ABB,2021,26.56,325.0,21.0,114.42399999999999
ABB,2021,26.56,325.0,21.0,114.42399999999999
LT,2015,245.11,34.0,17.0,113.34400000000001
BAJAJHLDNG,2019,11.31,274.0,80.0,110.724
LT,2019,208.81,63.0,17.0,107.524
LT,2020,201.59,68.0,17.0,106.136
BAJAJHLDNG,2020,11.09,269.0,69.0,105.836
SHREECEM,2013,26.12,288.0,29.0,105.54799999999999
LT,2018,207.36,53.0,17.0,103.94400000000002
INDUSINDBK,2015,16.85,34.0,288.0,103.33999999999999
BOSCHLTD,2012,17.19,305.0,16.0,103.176
BAJAJHLDNG,2018,10.54,239.0,85.0,101.416
LT,2021,176.9,82.0,17.0,100.46
LT,2016,216.09,31.0,15.0,100.236
LT,2017,206.3,43.0,15.0,99.92000000000002
INDIGO,2022,-48.77,-160.0,558.0,99.892
BAJAJ-AUTO,2024,26.61,276.0,20.0,99.444
BAJAJ-AUTO,2024,26.61,276.0,20.0,99.444
ABB,2020,24.39,279.0,18.0,98.85600000000001
ABB,2020,24.39,279.0,18.0,98.85600000000001
SHREECEM,2019,10.5,289.0,22.0,97.5
INDUSINDBK,2013,13.91,20.0,286.0,97.364
BOSCHLTD,2013,14.06,282.0,15.0,94.72399999999999
BAJAJHLDNG,2017,13.88,222.0,75.0,94.652
BAJAJHLDNG,2016,14.81,204.0,91.0,94.42399999999999
LTIM,2015,37.96,238.0,20.0,92.58399999999999
MARUTI,2018,18.52,261.0,15.0,90.208
MARUTI,2023,11.08,274.0,11.0,89.932
IRFC,2016,7.37,188.0,99.0,89.048
ULTRACEMCO,2022,14.54,254.0,22.0,88.616
BAJAJHLDNG,2014,16.57,179.0,94.0,88.52799999999999
BAJAJHLDNG,2015,15.15,182.0,92.0,88.26
MARUTI,2017,20.26,249.0,15.0,87.304
MARUTI,2019,16.25,253.0,13.0,86.3
BAJAJHLDNG,2013,17.94,167.0,95.0,85.77600000000001
LTIM,2022,27.65,225.0,20.0,84.56
ULTRACEMCO,2024,11.63,243.0,18.0,82.952
SHREECEM,2014,16.71,226.0,24.0,81.684
BAJAJ-AUTO,2023,20.64,214.0,18.0,77.85600000000001
BAJAJ-AUTO,2023,20.64,214.0,18.0,77.85600000000001
ABB,2019,22.41,212.0,16.0,77.36399999999999
ABB,2019,22.41,212.0,16.0,77.36399999999999
BAJAJ-AUTO,2022,20.65,213.0,16.0,76.96
BAJAJ-AUTO,2022,20.65,213.0,16.0,76.96
IRFC,2017,7.779999999999999,143.0,100.0,76.012
LTIM,2013,41.97,174.0,23.0,75.888
BOSCHLTD,2020,7.01,220.0,15.0,73.304
ULTRACEMCO,2020,14.73,199.0,22.0,72.192
ABB,2018,23.69,189.0,16.0,70.976
ABB,2018,23.69,189.0,16.0,70.976
ULTRACEMCO,2021,12.36,189.0,26.0,69.444
BAJAJ-AUTO,2020,24.06,180.0,17.0,68.724
BAJAJ-AUTO,2020,24.06,180.0,17.0,68.724
NESTLEIND,2024,117.75,41.0,24.0,66.6
MARUTI,2016,17.95,182.0,16.0,66.58
TCS,2024,50.94,127.0,27.0,66.576
NESTLEIND,2023,121.96,31.0,23.0,64.984
BAJAJ-AUTO,2019,21.21,170.0,17.0,64.584
BAJAJ-AUTO,2019,21.21,170.0,17.0,64.584
MARUTI,2020,11.49,188.0,10.0,63.995999999999995
LT,2024,77.66999999999999,95.0,14.0,63.768
BAJAJ-AUTO,2021,17.81,168.0,18.0,62.924
BAJAJ-AUTO,2021,17.81,168.0,18.0,62.924
ULTRACEMCO,2023,9.34,175.0,17.0,61.336
LTIM,2024,22.9,155.0,18.0,61.059999999999995
TCS,2023,46.78,115.0,26.0,61.012
LTIM,2023,26.58,149.0,18.0,60.73199999999999
EICHERMOT,2024,22.17,146.0,26.0,60.467999999999996
BRITANNIA,2023,65.53,96.0,17.0,60.112
BAJAJ-AUTO,2016,28.97,140.0,21.0,59.888
BAJAJ-AUTO,2016,28.97,140.0,21.0,59.888
BAJAJ-AUTO,2018,20.66,146.0,19.0,57.764
BAJAJ-AUTO,2018,20.66,146.0,19.0,57.764
BAJAJ-AUTO,2017,22.84,141.0,20.0,57.436
BAJAJ-AUTO,2017,22.84,141.0,20.0,57.436
NESTLEIND,2021,108.84,22.0,24.0,57.336
LT,2023,75.52,75.0,15.0,57.208
TCS,2022,43.13,105.0,28.0,57.152
DIVISLAB,2022,25.24,112.0,43.0,56.596
NESTLEIND,2020,103.12,22.0,24.0,55.048
BOSCHLTD,2021,4.91,164.0,12.0,54.763999999999996
BAJAJ-AUTO,2014,33.23999999999999,117.0,21.0,54.696
BAJAJ-AUTO,2014,33.23999999999999,117.0,21.0,54.696
RECLTD,2024,20.4,54.0,101.0,54.66
NESTLEIND,2019,102.61,20.0,24.0,54.244
BRITANNIA,2024,54.15,89.0,19.0,54.06
BAJAJ-AUTO,2013,38.85,108.0,18.0,53.339999999999996
BAJAJ-AUTO,2013,38.85,108.0,18.0,53.339999999999996
NESTLEIND,2022,97.23,25.0,22.0,52.992000000000004
LT,2022,72.92,62.0,16.0,52.568
LICI,2023,77.86,65.0,4.0,51.84400000000001
ABB,2017,19.97,130.0,14.0,51.188
ABB,2017,19.97,130.0,14.0,51.188
LTIM,2021,26.53,111.0,22.0,50.512
TCS,2021,37.66999999999999,88.0,28.0,49.867999999999995
BRITANNIA,2021,52.17,77.0,19.0,49.668000000000006
TCS,2020,38.57,86.0,27.0,49.328
MARUTI,2021,8.36,145.0,8.0,49.244
RECLTD,2023,19.21,42.0,95.0,48.784
ABB,2016,21.34,120.0,14.0,48.736000000000004
ABB,2016,21.34,120.0,14.0,48.736000000000004
MARUTI,2015,15.66,126.0,14.0,48.264
BAJAJ-AUTO,2015,27.27,105.0,19.0,48.108000000000004
BAJAJ-AUTO,2015,27.27,105.0,19.0,48.108000000000004
TORNTPHARM,2016,49.6,51.0,41.0,47.44
TCS,2019,35.29,84.0,27.0,47.416000000000004
BRITANNIA,2022,59.27,63.0,16.0,47.408
TATAMOTORS,2024,37.46,94.0,14.0,47.384
EICHERMOT,2023,19.44,107.0,24.0,47.07600000000001
ABB,2015,24.44,108.0,14.0,46.376000000000005
ABB,2015,24.44,108.0,14.0,46.376000000000005
ADANIPOWER,2024,48.28,54.0,36.0,46.312
SHREECEM,2015,8.07,122.0,21.0,46.128
JSWSTEEL,2022,31.11,85.0,27.0,46.044000000000004
RECLTD,2022,19.56,38.0,88.0,45.623999999999995
NAUKRI,2021,26.28,110.0,7.0,45.612
GRASIM,2022,14.8,111.0,21.0,45.519999999999996
RECLTD,2021,19.14,32.0,91.0,44.556
LTIM,2019,30.98,87.0,20.0,44.492
SIEMENS,2016,42.83,82.0,9.0,44.432
ULTRACEMCO,2013,17.65,98.0,24.0,43.66
RECLTD,2014,22.79,18.0,97.0,43.616
DIVISLAB,2021,21.34,75.0,41.0,43.336
MARUTI,2022,7.01,128.0,7.0,43.304
EICHERMOT,2019,24.7,81.0,30.0,43.18
LTIM,2020,28.13,87.0,19.0,43.052
RECLTD,2015,21.31,20.0,94.0,42.724
RECLTD,2016,19.7,22.0,93.0,42.379999999999995
RECLTD,2013,21.87,15.0,97.0,42.348
RECLTD,2017,18.75,24.0,92.0,42.3
EICHERMOT,2018,27.88,72.0,31.0,42.05199999999999
ABB,2014,25.13,93.0,12.0,41.552
ABB,2014,25.13,93.0,12.0,41.552
RECLTD,2019,16.62,22.0,93.0,41.147999999999996
GRASIM,2023,14.07,100.0,18.0,41.028
LICI,2024,49.45,66.0,4.0,40.78
TCS,2016,34.23999999999999,62.0,28.0,40.69599999999999
ULTRACEMCO,2017,11.13,99.0,21.0,40.452
TCS,2017,30.57,67.0,27.0,40.428000000000004
M&M,2024,18.54,91.0,18.0,40.116
EICHERMOT,2017,31.19,61.0,31.0,40.076
TCS,2018,30.4,67.0,26.0,40.059999999999995
POWERGRID,2022,22.07,18.0,86.0,40.028000000000006
POWERGRID,2022,22.07,18.0,86.0,40.028000000000006
TCS,2014,39.3,49.0,31.0,39.72
PFC,2024,26.16,60.0,37.0,39.564
TCS,2015,39.62,51.0,26.0,38.94799999999999
POWERGRID,2023,18.57,17.0,87.0,38.628
POWERGRID,2023,18.57,17.0,87.0,38.628
POWERGRID,2024,17.87,17.0,87.0,38.348
POWERGRID,2024,17.87,17.0,87.0,38.348
M&M,2023,20.18,83.0,17.0,38.072
INFY,2024,29.79,63.0,24.0,38.016
EICHERMOT,2016,36.63,49.0,27.0,37.452
RECLTD,2020,14.05,19.0,87.0,37.42
INFY,2023,31.97,58.0,24.0,37.388
ULTRACEMCO,2016,11.3,90.0,19.0,37.22
POWERGRID,2021,17.21,13.0,88.0,37.184
POWERGRID,2021,17.21,13.0,88.0,37.184
IRFC,2022,14.85,5.0,99.0,37.14
MARUTI,2014,13.28,94.0,12.0,37.112
IRFC,2018,14.75,3.0,100.0,36.8
BAJAJFINSV,2024,25.85,51.0,37.0,36.74
IRFC,2023,13.8,5.0,99.0,36.72
IRFC,2024,13.04,5.0,100.0,36.716
POWERGRID,2020,17.09,12.0,87.0,36.536
POWERGRID,2020,17.09,12.0,87.0,36.536
DRREDDY,2024,19.74,67.0,28.0,36.396
GRASIM,2024,11.2,85.0,21.0,36.28
RECLTD,2018,13.66,17.0,85.0,36.064
LTIM,2016,39.34,49.0,18.0,35.836
LTIM,2018,28.81,65.0,16.0,35.824
BPCL,2024,35.51000000000001,62.0,10.0,35.804
DIVISLAB,2023,14.29,69.0,31.0,35.716
IRFC,2021,12.3,3.0,99.0,35.519999999999996
INFY,2022,29.39,53.0,26.0,35.455999999999996
ASIANPAINT,2024,29.68,57.0,21.0,35.272
ASIANPAINT,2024,29.68,57.0,21.0,35.272
LTIM,2017,30.88,57.0,19.0,35.152
IRFC,2020,10.54,3.0,100.0,35.116
ADANIPORTS,2024,15.35,38.0,58.0,34.94
ADANIPORTS,2024,15.35,38.0,58.0,34.94
ADANIPORTS,2024,15.35,38.0,58.0,34.94
ADANIPORTS,2024,15.35,38.0,58.0,34.94
ADANIPORTS,2024,15.35,38.0,58.0,34.94
ADANIPORTS,2024,15.35,38.0,58.0,34.94
ADANIPORTS,2024,15.35,38.0,58.0,34.94
ADANIPORTS,2024,15.35,38.0,58.0,34.94
BAJAJFINSV,2014,23.53,10.0,75.0,34.912
BRITANNIA,2020,31.66,58.0,16.0,34.864
ULTRACEMCO,2014,12.88,80.0,19.0,34.852000000000004
ADANIPORTS,2021,16.59,25.0,69.0,34.836
ADANIPORTS,2021,16.59,25.0,69.0,34.836
ADANIPORTS,2021,16.59,25.0,69.0,34.836
ADANIPORTS,2021,16.59,25.0,69.0,34.836
ADANIPORTS,2021,16.59,25.0,69.0,34.836
ADANIPORTS,2021,16.59,25.0,69.0,34.836
ADANIPORTS,2021,16.59,25.0,69.0,34.836
ADANIPORTS,2021,16.59,25.0,69.0,34.836
POWERGRID,2018,15.07,9.0,87.0,34.827999999999996
POWERGRID,2018,15.07,9.0,87.0,34.827999999999996
PFC,2023,25.17,48.0,34.0,34.668
ULTRACEMCO,2019,7.109999999999999,88.0,18.0,34.644
EICHERMOT,2020,18.3,67.0,24.0,34.62
DIVISLAB,2016,26.23,42.0,38.0,34.492
DIVISLAB,2019,19.45,51.0,38.0,34.48
POWERGRID,2017,14.94,8.0,87.0,34.476
POWERGRID,2017,14.94,8.0,87.0,34.476
APOLLOHOSP,2022,19.7,73.0,15.0,34.28
IRFC,2019,9.01,2.0,100.0,34.204
BRITANNIA,2015,55.34,29.0,11.0,34.136
TCS,2013,36.52,36.0,29.0,34.108000000000004
SIEMENS,2024,17.7,76.0,14.0,34.080000000000005
ADANIPORTS,2017,22.26,19.0,64.0,33.804
ADANIPORTS,2017,22.26,19.0,64.0,33.804
ADANIPORTS,2017,22.26,19.0,64.0,33.804
ADANIPORTS,2017,22.26,19.0,64.0,33.804
ADANIPORTS,2017,22.26,19.0,64.0,33.804
ADANIPORTS,2017,22.26,19.0,64.0,33.804
ADANIPORTS,2017,22.26,19.0,64.0,33.804
ADANIPORTS,2017,22.26,19.0,64.0,33.804
ULTRACEMCO,2018,8.43,81.0,20.0,33.672
TORNTPHARM,2024,24.15,49.0,31.0,33.66
POWERGRID,2016,13.55,6.0,88.0,33.62
POWERGRID,2016,13.55,6.0,88.0,33.62
JINDALSTEL,2022,18.99,56.0,30.0,33.396
DIVISLAB,2020,18.84,52.0,34.0,33.336
BAJAJFINSV,2023,26.31,40.0,36.0,33.324
HCLTECH,2024,23.01,58.0,22.0,33.204
POWERGRID,2019,16.98,11.0,77.0,33.192
POWERGRID,2019,16.98,11.0,77.0,33.192
ABB,2012,22.41,68.0,12.0,32.964
POWERGRID,2013,16.34,5.0,83.0,32.936
POWERGRID,2013,16.34,5.0,83.0,32.936
ULTRACEMCO,2015,11.04,76.0,19.0,32.916000000000004
ADANIENSOL,2016,13.77,3.0,88.0,32.808
MARUTI,2013,12.98,82.0,10.0,32.792
ADANIPORTS,2013,25.63,8.0,67.0,32.751999999999995
ADANIPORTS,2013,25.63,8.0,67.0,32.751999999999995
ADANIPORTS,2013,25.63,8.0,67.0,32.751999999999995
ADANIPORTS,2013,25.63,8.0,67.0,32.751999999999995
ADANIPORTS,2013,25.63,8.0,67.0,32.751999999999995
ADANIPORTS,2013,25.63,8.0,67.0,32.751999999999995
ADANIPORTS,2013,25.63,8.0,67.0,32.751999999999995
ADANIPORTS,2013,25.63,8.0,67.0,32.751999999999995
PFC,2022,26.18,42.0,31.0,32.372
TATASTEEL,2022,36.48,33.0,26.0,32.291999999999994
POWERGRID,2015,13.13,5.0,85.0,32.252
POWERGRID,2015,13.13,5.0,85.0,32.252
HCLTECH,2023,22.7,55.0,22.0,32.18
ADANIENSOL,2018,18.87,10.0,72.0,32.147999999999996
INFY,2021,25.44,45.0,28.0,32.076
TRENT,2024,36.31,42.0,16.0,31.924000000000003
ADANIPORTS,2016,21.15,14.0,64.0,31.86
ADANIPORTS,2016,21.15,14.0,64.0,31.86
ADANIPORTS,2016,21.15,14.0,64.0,31.86
ADANIPORTS,2016,21.15,14.0,64.0,31.86
ADANIPORTS,2016,21.15,14.0,64.0,31.86
ADANIPORTS,2016,21.15,14.0,64.0,31.86
ADANIPORTS,2016,21.15,14.0,64.0,31.86
ADANIPORTS,2016,21.15,14.0,64.0,31.86
DRREDDY,2023,19.35,54.0,26.0,31.740000000000002
LICI,2022,36.38,57.0,0.0,31.652
POWERGRID,2014,13.11,5.0,83.0,31.644
POWERGRID,2014,13.11,5.0,83.0,31.644
LODHA,2019,42.8,21.0,27.0,31.520000000000003
ADANIPORTS,2018,17.65,18.0,63.0,31.36
ADANIPORTS,2018,17.65,18.0,63.0,31.36
ADANIPORTS,2018,17.65,18.0,63.0,31.36
ADANIPORTS,2018,17.65,18.0,63.0,31.36
ADANIPORTS,2018,17.65,18.0,63.0,31.36
ADANIPORTS,2018,17.65,18.0,63.0,31.36
ADANIPORTS,2018,17.65,18.0,63.0,31.36
ADANIPORTS,2018,17.65,18.0,63.0,31.36
GRASIM,2017,13.53,66.0,20.0,31.212
DIVISLAB,2014,26.08,29.0,40.0,31.131999999999998
DIVISLAB,2024,11.79,60.0,28.0,31.116
GRASIM,2013,19.22,57.0,21.0,31.087999999999997
IRCTC,2023,40.6,13.0,36.0,30.939999999999998
HCLTECH,2022,21.84,50.0,24.0,30.936
ADANIGREEN,2024,12.81,7.0,79.0,30.924
TECHM,2022,20.94,57.0,18.0,30.875999999999998
TECHM,2022,20.94,57.0,18.0,30.875999999999998
M&M,2018,21.64,60.0,14.0,30.855999999999998
ADANIPORTS,2015,21.59,11.0,63.0,30.836
ADANIPORTS,2015,21.59,11.0,63.0,30.836
ADANIPORTS,2015,21.59,11.0,63.0,30.836
ADANIPORTS,2015,21.59,11.0,63.0,30.836
ADANIPORTS,2015,21.59,11.0,63.0,30.836
ADANIPORTS,2015,21.59,11.0,63.0,30.836
ADANIPORTS,2015,21.59,11.0,63.0,30.836
ADANIPORTS,2015,21.59,11.0,63.0,30.836
DIVISLAB,2015,24.37,32.0,38.0,30.747999999999998
DIVISLAB,2017,19.79,40.0,36.0,30.716
IRCTC,2022,35.29,8.0,47.0,30.616
ADANIPOWER,2023,35.91,28.0,26.0,30.564
BRITANNIA,2016,39.44,34.0,15.0,30.476
GRASIM,2021,10.67,63.0,24.0,30.368
ADANIPORTS,2019,16.6,19.0,60.0,30.34
ADANIPORTS,2019,16.6,19.0,60.0,30.34
ADANIPORTS,2019,16.6,19.0,60.0,30.34
ADANIPORTS,2019,16.6,19.0,60.0,30.34
ADANIPORTS,2019,16.6,19.0,60.0,30.34
ADANIPORTS,2019,16.6,19.0,60.0,30.34
ADANIPORTS,2019,16.6,19.0,60.0,30.34
ADANIPORTS,2019,16.6,19.0,60.0,30.34
BRITANNIA,2019,27.16,48.0,16.0,30.064
HDFCLIFE,2023,10.53,6.0,80.0,30.012
EICHERMOT,2022,13.3,61.0,21.0,29.92
PFC,2019,26.82,30.0,33.0,29.628
TITAN,2024,37.22,39.0,10.0,29.588
PFC,2021,25.86,36.0,28.0,29.543999999999997
TECHM,2014,33.35,32.0,22.0,29.54
TECHM,2014,33.35,32.0,22.0,29.54
NESTLEIND,2018,43.75,17.0,23.0,29.5
INFY,2020,25.42,39.0,25.0,29.368000000000002
INFY,2018,24.69,37.0,27.0,29.076
BAJAJFINSV,2013,28.38,10.0,49.0,29.052
NAUKRI,2018,24.5,42.0,22.0,29.0
TORNTPHARM,2021,21.45,37.0,31.0,28.979999999999997
TATAMOTORS,2015,25.01,48.0,15.0,28.904
BRITANNIA,2018,29.48,42.0,15.0,28.892000000000003
ASIANPAINT,2023,26.23,43.0,18.0,28.792
ASIANPAINT,2023,26.23,43.0,18.0,28.792
ADANIGREEN,2022,18.71,3.0,68.0,28.784
NESTLEIND,2013,47.17,12.0,21.0,28.768000000000004
JINDALSTEL,2024,13.41,58.0,20.0,28.764
GRASIM,2020,11.72,65.0,15.0,28.688000000000002
ADANIPORTS,2022,11.84,23.0,56.0,28.436
ADANIPORTS,2022,11.84,23.0,56.0,28.436
ADANIPORTS,2022,11.84,23.0,56.0,28.436
ADANIPORTS,2022,11.84,23.0,56.0,28.436
ADANIPORTS,2022,11.84,23.0,56.0,28.436
ADANIPORTS,2022,11.84,23.0,56.0,28.436
ADANIPORTS,2022,11.84,23.0,56.0,28.436
ADANIPORTS,2022,11.84,23.0,56.0,28.436
BRITANNIA,2017,32.83,37.0,14.0,28.432
ADANIPORTS,2014,19.86,8.0,60.0,28.344
ADANIPORTS,2014,19.86,8.0,60.0,28.344
ADANIPORTS,2014,19.86,8.0,60.0,28.344
ADANIPORTS,2014,19.86,8.0,60.0,28.344
ADANIPORTS,2014,19.86,8.0,60.0,28.344
ADANIPORTS,2014,19.86,8.0,60.0,28.344
ADANIPORTS,2014,19.86,8.0,60.0,28.344
ADANIPORTS,2014,19.86,8.0,60.0,28.344
APOLLOHOSP,2024,13.48,63.0,13.0,28.191999999999997
IRCTC,2024,34.4,14.0,34.0,28.16
TORNTPHARM,2023,20.09,37.0,30.0,28.136
HCLTECH,2020,21.57,41.0,24.0,28.127999999999997
DIVISLAB,2013,24.07,23.0,38.0,27.927999999999997
HCLTECH,2021,18.64,41.0,27.0,27.856
ADANIPORTS,2023,11.88,25.0,52.0,27.852
ADANIPORTS,2023,11.88,25.0,52.0,27.852
ADANIPORTS,2023,11.88,25.0,52.0,27.852
ADANIPORTS,2023,11.88,25.0,52.0,27.852
ADANIPORTS,2023,11.88,25.0,52.0,27.852
ADANIPORTS,2023,11.88,25.0,52.0,27.852
ADANIPORTS,2023,11.88,25.0,52.0,27.852
ADANIPORTS,2023,11.88,25.0,52.0,27.852
HCLTECH,2019,24.46,37.0,23.0,27.784
HCLTECH,2014,33.39,23.0,25.0,27.756
ADANIENSOL,2017,14.12,4.0,69.0,27.548
TATAMOTORS,2014,21.42,48.0,15.0,27.468
BRITANNIA,2014,49.5,16.0,9.0,27.3
INFY,2019,23.73,35.0,24.0,27.192
TECHM,2019,21.14,44.0,18.0,27.055999999999997
TECHM,2019,21.14,44.0,18.0,27.055999999999997
ITC,2024,27.85,16.0,37.0,27.04
SUNPHARMA,2017,21.41,29.0,32.0,26.863999999999997
TORNTPHARM,2014,34.89,20.0,23.0,26.856
M&M,2022,15.39,53.0,16.0,26.855999999999998
HCLTECH,2015,30.31,26.0,23.0,26.823999999999998
BPCL,2021,32.34,37.0,9.0,26.736
IRCTC,2020,39.04,6.0,31.0,26.716
BAJAJFINSV,2015,21.72,11.0,49.0,26.688
ADANIPORTS,2020,14.87,19.0,50.0,26.648
ADANIPORTS,2020,14.87,19.0,50.0,26.648
ADANIPORTS,2020,14.87,19.0,50.0,26.648
ADANIPORTS,2020,14.87,19.0,50.0,26.648
ADANIPORTS,2020,14.87,19.0,50.0,26.648
ADANIPORTS,2020,14.87,19.0,50.0,26.648
ADANIPORTS,2020,14.87,19.0,50.0,26.648
ADANIPORTS,2020,14.87,19.0,50.0,26.648
NESTLEIND,2014,41.77,12.0,21.0,26.608
ITC,2023,28.16,15.0,36.0,26.564
JIOFIN,2024,1.15,3.0,84.0,26.56
ASIANPAINT,2021,25.04,33.0,22.0,26.516
ASIANPAINT,2021,25.04,33.0,22.0,26.516
HAVELLS,2016,42.95,21.0,10.0,26.480000000000004
TECHM,2023,17.39,50.0,15.0,26.456
TECHM,2023,17.39,50.0,15.0,26.456
SHRIRAMFIN,2024,15.12,39.0,29.0,26.447999999999997
SUNPHARMA,2024,15.09,40.0,28.0,26.436
ITC,2014,33.05,7.0,37.0,26.419999999999998
SIEMENS,2023,14.99,55.0,13.0,26.396
SUNPHARMA,2013,23.14,14.0,43.0,26.356
ADANIGREEN,2023,13.32,6.0,64.0,26.328
BAJAJFINSV,2022,20.66,29.0,31.0,26.263999999999996
INFY,2015,24.39,27.0,28.0,26.256
BAJAJFINSV,2021,20.56,28.0,32.0,26.224000000000004
TECHM,2021,17.51,46.0,18.0,26.204
TECHM,2021,17.51,46.0,18.0,26.204
APOLLOHOSP,2023,13.62,57.0,12.0,26.147999999999996
BHARTIARTL,2023,15.84,15.0,51.0,26.136
GODREJCP,2019,32.23,23.0,21.0,26.092
SUNPHARMA,2014,20.94,15.0,44.0,26.076
HCLTECH,2017,26.12,30.0,22.0,26.048000000000002
ITC,2015,30.81,8.0,37.0,25.823999999999998
JINDALSTEL,2021,13.41,36.0,32.0,25.764000000000003
TITAN,2023,27.63,37.0,12.0,25.752000000000002
INFY,2017,20.81,31.0,27.0,25.723999999999997
DIVISLAB,2018,14.8,33.0,33.0,25.72
ASIANPAINT,2020,27.38,28.0,21.0,25.652
ASIANPAINT,2020,27.38,28.0,21.0,25.652
ITC,2013,33.27,6.0,35.0,25.608
TORNTPHARM,2020,21.25,30.0,27.0,25.6
BAJAJFINSV,2019,22.64,20.0,35.0,25.556
INFY,2016,21.85,29.0,27.0,25.54
HCLTECH,2018,23.97,31.0,22.0,25.488
TVSMOTOR,2024,26.22,36.0,14.0,25.487999999999996
GRASIM,2016,12.6,51.0,17.0,25.439999999999998
EICHERMOT,2021,11.78,49.0,20.0,25.412
ADANIPOWER,2022,26.61,13.0,36.0,25.344
TORNTPHARM,2015,30.15,22.0,22.0,25.259999999999998
ADANIGREEN,2021,8.27,1.0,72.0,25.208
PIDILITIND,2024,20.78,34.0,22.0,25.112000000000002
TATAMOTORS,2013,26.51,35.0,13.0,25.003999999999998
INFY,2013,24.82,21.0,29.0,24.928
ITC,2020,23.89,12.0,39.0,24.856
JSWSTEEL,2019,21.62,32.0,22.0,24.848
RELIANCE,2024,9.96,51.0,18.0,24.683999999999997
SUNPHARMA,2023,15.2,35.0,27.0,24.68
INFY,2014,23.93,23.0,27.0,24.572000000000003
NESTLEIND,2017,35.82,13.0,21.0,24.528000000000002
DRREDDY,2015,23.71,27.0,23.0,24.483999999999998
M&M,2014,22.11,38.0,14.0,24.444
NAUKRI,2019,23.28,49.0,1.0,24.312
TECHM,2020,17.87,42.0,15.0,24.248
TECHM,2020,17.87,42.0,15.0,24.248
TECHM,2018,20.09,39.0,15.0,24.235999999999997
TECHM,2018,20.09,39.0,15.0,24.235999999999997
TORNTPHARM,2017,21.47,28.0,24.0,24.188
BAJAJFINSV,2020,19.15,21.0,34.0,24.16
JINDALSTEL,2013,13.89,31.0,31.0,24.156
JSWSTEEL,2021,16.84,33.0,25.0,24.136000000000003
DRREDDY,2014,24.96,23.0,24.0,24.084
BRITANNIA,2013,46.59,11.0,7.0,24.036000000000005
NHPC,2013,9.64,2.0,65.0,23.956
IRCTC,2016,34.87,19.0,14.0,23.848
SUNPHARMA,2015,21.36,22.0,29.0,23.844
PFC,2014,19.85,17.0,36.0,23.84
SHRIRAMFIN,2023,13.84,32.0,29.0,23.836
GRASIM,2014,13.67,44.0,17.0,23.768
ITC,2022,24.82,12.0,34.0,23.728
BHARTIARTL,2024,10.36,13.0,52.0,23.644
RELIANCE,2023,10.35,49.0,16.0,23.64
ASIANPAINT,2022,22.34,32.0,17.0,23.636000000000003
ASIANPAINT,2022,22.34,32.0,17.0,23.636000000000003
PIDILITIND,2016,30.59,16.0,22.0,23.636000000000003
ONGC,2024,16.94,39.0,17.0,23.576
BAJAJFINSV,2017,21.36,14.0,36.0,23.543999999999997
TECHM,2013,24.09,25.0,21.0,23.436000000000003
TECHM,2013,24.09,25.0,21.0,23.436000000000003
M&M,2019,15.05,43.0,15.0,23.42
PIDILITIND,2020,25.18,22.0,22.0,23.272
NHPC,2023,11.53,4.0,58.0,23.212
ONGC,2022,19.0,36.0,16.0,23.2
BAJAJFINSV,2018,20.39,17.0,33.0,23.156
ADANIENSOL,2015,-0.65,0.0,78.0,23.139999999999997
PIDILITIND,2018,27.03,19.0,22.0,23.112000000000002
ITC,2019,21.7,10.0,38.0,23.08
HCLTECH,2013,30.69,14.0,22.0,23.076
DLF,2018,12.68,25.0,35.0,23.072
PFC,2015,18.52,18.0,34.0,23.008
ITC,2018,21.89,9.0,38.0,22.856
NHPC,2015,9.1,2.0,62.0,22.839999999999996
JSWSTEEL,2018,21.83,26.0,21.0,22.832
NHPC,2017,11.99,3.0,57.0,22.796
TORNTPHARM,2013,30.59,13.0,22.0,22.735999999999997
ITC,2021,22.18,11.0,35.0,22.672
ASIANPAINT,2017,26.51,20.0,20.0,22.604
ASIANPAINT,2017,26.51,20.0,20.0,22.604
TECHM,2015,21.71,27.0,19.0,22.483999999999998
TECHM,2015,21.71,27.0,19.0,22.483999999999998
PFC,2016,17.16,19.0,33.0,22.464
ADANIGREEN,2017,-3.91,0.0,80.0,22.436
ASIANPAINT,2013,34.28,12.0,17.0,22.412
ASIANPAINT,2013,34.28,12.0,17.0,22.412
ITC,2016,22.26,8.0,37.0,22.404000000000003
TECHM,2016,20.75,31.0,16.0,22.400000000000002
TECHM,2016,20.75,31.0,16.0,22.400000000000002
NAUKRI,2024,1.97,44.0,28.0,22.387999999999998
ITC,2017,22.57,8.0,36.0,22.228
ASIANPAINT,2016,27.63,18.0,19.0,22.151999999999997
ASIANPAINT,2016,27.63,18.0,19.0,22.151999999999997
TATAMOTORS,2016,14.79,40.0,14.0,22.116
M&M,2013,20.69,33.0,13.0,22.076
PFC,2018,22.08,20.0,24.0,22.031999999999996
ASIANPAINT,2018,24.95,21.0,19.0,21.98
ASIANPAINT,2018,24.95,21.0,19.0,21.98
EICHERMOT,2014,27.9,23.0,13.0,21.959999999999997
ASIANPAINT,2019,23.31,22.0,20.0,21.924
ASIANPAINT,2019,23.31,22.0,20.0,21.924
PFC,2013,18.74,13.0,35.0,21.896
DRREDDY,2013,23.98,18.0,23.0,21.892
SHRIRAMFIN,2018,18.62,20.0,28.0,21.848
SIEMENS,2022,13.29,43.0,12.0,21.816000000000003
TVSMOTOR,2023,23.78,28.0,13.0,21.811999999999998
BHARTIARTL,2022,12.48,7.0,49.0,21.792
RELIANCE,2022,8.7,45.0,16.0,21.78
SIEMENS,2015,22.94,33.0,9.0,21.776
NHPC,2021,10.89,3.0,55.0,21.756
BAJAJFINSV,2016,20.41,12.0,33.0,21.664
PIDILITIND,2017,24.86,17.0,22.0,21.644
PIDILITIND,2021,20.13,22.0,23.0,21.552
GODREJCP,2018,26.11,16.0,21.0,21.544
HAVELLS,2013,40.29,9.0,9.0,21.516
IOC,2024,23.53,30.0,10.0,21.412
NHPC,2020,10.66,3.0,54.0,21.363999999999997
ASIANPAINT,2015,30.09,15.0,16.0,21.336000000000002
ASIANPAINT,2015,30.09,15.0,16.0,21.336000000000002
JSWENERGY,2015,18.06,8.0,39.0,21.323999999999998
SUNPHARMA,2016,17.15,19.0,29.0,21.259999999999998
IRCTC,2017,29.1,11.0,21.0,21.240000000000002
ASIANPAINT,2014,31.27,13.0,16.0,21.208000000000002
ASIANPAINT,2014,31.27,13.0,16.0,21.208000000000002
NESTLEIND,2016,30.5,10.0,20.0,21.200000000000003
DRREDDY,2016,16.95,25.0,23.0,21.18
PFC,2020,19.18,22.0,23.0,21.172
ADANIENSOL,2021,14.46,11.0,40.0,21.084
NHPC,2019,9.21,3.0,55.0,21.084
JSWENERGY,2016,15.05,9.0,41.0,21.02
ONGC,2014,15.49,21.0,28.0,20.896
SHRIRAMFIN,2013,19.94,12.0,31.0,20.875999999999998
TORNTPHARM,2022,13.05,23.0,29.0,20.82
NHPC,2018,9.27,2.0,55.0,20.808
NHPC,2016,7.470000000000001,2.0,57.0,20.688
DABUR,2013,36.56,4.0,16.0,20.624000000000002
GRASIM,2018,6.43,39.0,21.0,20.572
JSWENERGY,2022,10.01,11.0,44.0,20.503999999999998
BPCL,2017,30.85,20.0,7.0,20.440000000000005
PIDILITIND,2022,18.85,24.0,19.0,20.44
JSWENERGY,2024,8.28,10.0,47.0,20.412
NHPC,2024,10.41,4.0,50.0,20.364
GRASIM,2015,11.16,37.0,16.0,20.364
TATASTEEL,2018,29.15,12.0,17.0,20.36
NHPC,2014,5.779999999999999,1.0,59.0,20.311999999999998
NTPC,2024,13.27,21.0,29.0,20.308
TITAN,2022,23.63,24.0,12.0,20.252000000000002
JSWSTEEL,2024,11.55,36.0,16.0,20.22
DABUR,2016,30.06,7.0,20.0,20.124000000000002
TITAN,2013,36.8,8.0,10.0,20.119999999999997
DABUR,2014,34.48999999999999,5.0,16.0,20.095999999999997
ONGC,2013,15.73,19.0,27.0,20.092
GODREJCP,2017,24.67,13.0,21.0,20.068
PIDILITIND,2019,22.37,18.0,19.0,20.048
MOTHERSON,2016,40.35,3.0,10.0,20.04
IRCTC,2015,29.5,13.0,14.0,19.900000000000002
RELIANCE,2021,7.68,39.0,17.0,19.872
BHEL,2013,21.91,18.0,19.0,19.864
TECHM,2017,17.35,29.0,14.0,19.84
TECHM,2017,17.35,29.0,14.0,19.84
PIDILITIND,2023,17.87,25.0,17.0,19.747999999999998
LODHA,2016,17.69,16.0,26.0,19.676000000000002
SHRIRAMFIN,2019,16.14,20.0,24.0,19.656
DABUR,2015,31.84,6.0,17.0,19.636000000000003
DMART,2024,13.56,39.0,8.0,19.523999999999997
BPCL,2016,29.1,19.0,7.0,19.44
DMART,2023,14.79,37.0,8.0,19.415999999999997
ADANIENSOL,2022,12.47,11.0,37.0,19.387999999999998
LICI,2021,43.2,7.0,0.0,19.380000000000003
APOLLOHOSP,2020,12.93,33.0,14.0,19.272000000000002
NTPC,2022,12.53,17.0,30.0,19.112000000000002
JINDALSTEL,2023,10.27,31.0,19.0,19.107999999999997
GODREJCP,2021,18.23,17.0,22.0,18.991999999999997
BPCL,2022,22.51,27.0,6.0,18.904
ONGC,2019,15.64,24.0,18.0,18.855999999999998
BPCL,2018,26.74,21.0,6.0,18.796
TORNTPHARM,2018,14.67,20.0,23.0,18.768
DRREDDY,2019,13.9,23.0,21.0,18.76
IRCTC,2019,28.85,4.0,20.0,18.740000000000002
NHPC,2022,10.81,4.0,44.0,18.724
GODREJCP,2020,18.95,15.0,22.0,18.68
DABUR,2019,25.67,8.0,20.0,18.668
DABUR,2017,26.41,7.0,20.0,18.664
JINDALSTEL,2014,8.39,21.0,30.0,18.656
NTPC,2021,11.9,15.0,31.0,18.560000000000002
MOTHERSON,2015,38.87,2.0,8.0,18.548
SIEMENS,2017,14.79,32.0,10.0,18.516
M&M,2017,13.6,30.0,13.0,18.34
IRCTC,2018,23.14,11.0,19.0,18.256
DABUR,2018,23.8,8.0,21.0,18.220000000000002
DABUR,2021,22.12,10.0,21.0,18.148
SHRIRAMFIN,2020,13.85,20.0,22.0,18.14
EICHERMOT,2013,25.55,15.0,11.0,18.02
BHARTIARTL,2015,12.69,8.0,35.0,17.976
BHARTIARTL,2016,10.32,11.0,35.0,17.928
GAIL,2022,19.19,18.0,16.0,17.876
ADANIENSOL,2023,10.9,11.0,34.0,17.86
NTPC,2023,11.65,17.0,27.0,17.86
MOTHERSON,2014,37.07,2.0,8.0,17.828
RELIANCE,2018,12.29,27.0,16.0,17.816
HAVELLS,2021,20.17,17.0,15.0,17.668
TITAN,2020,22.39,17.0,12.0,17.656
DABUR,2022,20.78,10.0,21.0,17.612000000000002
NTPC,2013,15.49,13.0,25.0,17.596
HAVELLS,2022,19.92,19.0,13.0,17.568
JSWENERGY,2014,11.57,5.0,38.0,17.528
DABUR,2020,21.92,8.0,21.0,17.468
SIEMENS,2019,12.14,31.0,11.0,17.456
DRREDDY,2022,11.36,26.0,17.0,17.444
GODREJCP,2013,25.51,8.0,16.0,17.404
ONGC,2017,15.01,19.0,19.0,17.404
DRREDDY,2021,11.07,23.0,20.0,17.328
RELIANCE,2019,10.29,29.0,15.0,17.316
GODREJCP,2022,15.43,17.0,20.0,17.272
JSWSTEEL,2017,15.31,15.0,22.0,17.224
JSWENERGY,2013,14.52,6.0,32.0,17.208
PIDILITIND,2013,25.68,8.0,15.0,17.172
TVSMOTOR,2018,24.83,14.0,10.0,17.132
EICHERMOT,2012,27.07,12.0,9.0,17.128
TITAN,2014,29.13,8.0,10.0,17.052
TITAN,2019,22.88,16.0,10.0,16.951999999999998
TVSMOTOR,2019,22.86,15.0,11.0,16.944
SHRIRAMFIN,2014,15.96,11.0,24.0,16.884
PIDILITIND,2015,22.64,10.0,16.0,16.856
GODREJCP,2015,22.64,9.0,17.0,16.856
SIEMENS,2021,10.52,31.0,11.0,16.808
M&M,2016,13.42,25.0,13.0,16.768
RELIANCE,2020,8.88,29.0,15.0,16.752
PIDILITIND,2014,23.05,9.0,16.0,16.72
ONGC,2023,11.68,28.0,12.0,16.671999999999997
JSWENERGY,2020,9.28,7.0,36.0,16.612
DRREDDY,2020,12.99,24.0,14.0,16.596
ADANIENSOL,2020,8.309999999999999,7.0,37.0,16.524
TATAMOTORS,2018,9.53,31.0,11.0,16.412
JSWENERGY,2021,5.67,5.0,42.0,16.368
AMBUJACEM,2021,14.64,14.0,21.0,16.356
M&M,2015,13.08,25.0,12.0,16.332
NTPC,2014,13.06,12.0,25.0,16.323999999999998
NTPC,2020,10.02,12.0,29.0,16.308
TATAMOTORS,2017,13.02,26.0,11.0,16.308
DABUR,2023,18.96,10.0,19.0,16.284
TITAN,2015,26.46,9.0,10.0,16.284
RELIANCE,2016,12.9,22.0,15.0,16.259999999999998
GODREJCP,2016,19.48,8.0,20.0,16.192
LODHA,2024,8.9,16.0,26.0,16.16
NTPC,2019,12.6,14.0,23.0,16.14
UNIONBANK,2013,12.39,36.0,1.0,16.056
DABUR,2024,18.36,10.0,19.0,16.044
SHRIRAMFIN,2021,11.51,18.0,20.0,16.003999999999998
GRASIM,2019,4.73,25.0,22.0,15.991999999999999
DLF,2024,6.909999999999999,11.0,33.0,15.964
ADANIGREEN,2020,-2.89,0.0,57.0,15.943999999999997
APOLLOHOSP,2014,10.58,23.0,16.0,15.931999999999999
ONGC,2015,9.81,14.0,26.0,15.924
SHRIRAMFIN,2022,10.43,20.0,19.0,15.872
HAVELLS,2024,17.07,20.0,10.0,15.828
APOLLOHOSP,2013,11.03,22.0,16.0,15.812000000000001
HAVELLS,2014,26.77,7.0,10.0,15.808
ADANIENSOL,2024,9.46,10.0,30.0,15.784
AMBUJACEM,2012,14.69,8.0,25.0,15.776
BHARTIARTL,2017,6.29,7.0,37.0,15.716
BPCL,2019,22.0,18.0,5.0,15.7
LODHA,2017,14.48,13.0,20.0,15.692
ADANIENSOL,2019,6.950000000000001,5.0,38.0,15.680000000000001
RELIANCE,2017,11.31,22.0,15.0,15.623999999999999
APOLLOHOSP,2015,10.56,24.0,14.0,15.623999999999999
ONGC,2018,12.78,17.0,18.0,15.611999999999998
JSWENERGY,2017,6.01,4.0,40.0,15.604
IOC,2021,19.46,15.0,11.0,15.584
TITAN,2018,21.65,13.0,10.0,15.56
ADANIENT,2014,11.14,20.0,17.0,15.556
GAIL,2020,19.31,14.0,12.0,15.524
IOC,2022,19.27,18.0,8.0,15.508000000000001
NTPC,2016,11.77,11.0,25.0,15.508
NESTLEIND,2015,19.99,6.0,19.0,15.495999999999999
NTPC,2017,10.95,11.0,26.0,15.48
JSWENERGY,2023,7.94,9.0,32.0,15.475999999999999
IOC,2018,19.87,15.0,10.0,15.448
GODREJCP,2023,12.34,17.0,18.0,15.436
ADANIENT,2024,8.53,28.0,12.0,15.412
TORNTPHARM,2019,9.23,13.0,26.0,15.392
TVSMOTOR,2020,19.71,13.0,12.0,15.384
GODREJCP,2014,21.7,7.0,15.0,15.28
ONGC,2016,6.619999999999999,10.0,32.0,15.248
NAUKRI,2013,12.5,8.0,26.0,15.2
IOC,2017,19.97,14.0,10.0,15.187999999999999
NTPC,2018,10.14,11.0,26.0,15.155999999999999
SUNPHARMA,2022,7.06,14.0,27.0,15.123999999999999
AMBUJACEM,2024,11.43,16.0,19.0,15.072
AMBUJACEM,2020,13.65,12.0,20.0,15.06
HAVELLS,2019,18.77,13.0,12.0,15.008
DLF,2017,2.88,4.0,42.0,14.952
SIEMENS,2018,10.86,25.0,10.0,14.844000000000001
LODHA,2022,9.98,12.0,24.0,14.792
SUNPHARMA,2020,9.22,16.0,21.0,14.788
TVSMOTOR,2022,16.61,16.0,11.0,14.744
ADANIPOWER,2021,9.69,3.0,33.0,14.676
ADANIENT,2015,8.93,18.0,19.0,14.672
AMBUJACEM,2014,14.77,10.0,19.0,14.608
TVSMOTOR,2017,22.96,11.0,7.0,14.584000000000001
HAVELLS,2023,16.18,17.0,10.0,14.572
NTPC,2015,12.17,10.0,22.0,14.468
MOTHERSON,2017,26.26,3.0,10.0,14.404000000000002
HAVELLS,2018,17.72,11.0,13.0,14.288
LODHA,2018,15.41,10.0,17.0,14.264000000000001
TVSMOTOR,2016,23.58,9.0,7.0,14.232
JSWSTEEL,2020,10.71,17.0,16.0,14.184000000000001
TRENT,2023,15.18,13.0,14.0,14.172
DRREDDY,2017,10.54,16.0,17.0,14.116
ADANIPOWER,2016,7.380000000000001,2.0,35.0,14.052
TATAPOWER,2024,13.23,12.0,17.0,13.991999999999999
TVSMOTOR,2015,24.75,7.0,6.0,13.8
LODHA,2020,16.3,9.0,15.0,13.72
HAVELLS,2020,17.05,12.0,11.0,13.719999999999999
TATASTEEL,2019,13.23,9.0,19.0,13.692
DMART,2022,10.91,23.0,8.0,13.664
DLF,2023,5.4,8.0,30.0,13.56
TVSMOTOR,2021,15.89,13.0,11.0,13.556000000000001
BPCL,2015,22.52,11.0,4.0,13.508
DMART,2018,17.26,13.0,9.0,13.504
TECHM,2024,8.99,24.0,9.0,13.495999999999999
TECHM,2024,8.99,24.0,9.0,13.495999999999999
DMART,2020,11.74,20.0,9.0,13.396
DLF,2015,1.85,3.0,39.0,13.34
AMBUJACEM,2013,13.51,8.0,18.0,13.204
AMBUJACEM,2018,13.29,11.0,15.0,13.116
DLF,2016,1.27,2.0,40.0,13.108
DMART,2019,16.14,14.0,8.0,13.056000000000001
SUNPHARMA,2021,4.89,12.0,25.0,13.056
AMBUJACEM,2019,11.56,11.0,17.0,13.024000000000001
SUNPHARMA,2019,7.75,11.0,22.0,13.0
HAVELLS,2015,21.18,6.0,9.0,12.971999999999998
GAIL,2024,12.86,15.0,11.0,12.943999999999999
IRCTC,2021,12.84,2.0,24.0,12.936
SHRIRAMFIN,2017,11.17,10.0,18.0,12.867999999999999
SIEMENS,2020,8.1,22.0,10.0,12.84
BHARTIARTL,2014,5.050000000000001,5.0,31.0,12.82
JSWENERGY,2019,5.79,4.0,31.0,12.815999999999999
SHRIRAMFIN,2016,11.64,9.0,18.0,12.756
MOTHERSON,2018,22.87,3.0,9.0,12.748000000000001
ADANIGREEN,2018,-10.29,-1.0,57.0,12.683999999999997
BHARTIARTL,2018,3.14,2.0,36.0,12.655999999999999
DMART,2016,21.04,6.0,8.0,12.616000000000001
GAIL,2019,14.24,10.0,13.0,12.596000000000002
ONGC,2021,9.67,13.0,16.0,12.568000000000001
UNIONBANK,2024,14.14,18.0,5.0,12.556000000000001
TITAN,2016,19.25,8.0,8.0,12.5
TATAPOWER,2023,13.23,10.0,14.0,12.492
DLF,2022,4.130000000000001,6.0,30.0,12.452
DLF,2013,2.59,4.0,34.0,12.436
RELIANCE,2015,10.82,17.0,10.0,12.428
GAIL,2013,15.17,6.0,15.0,12.368
HAVELLS,2017,15.08,8.0,13.0,12.332
BPCL,2014,20.85,9.0,4.0,12.24
SHRIRAMFIN,2015,11.09,8.0,18.0,12.236
TATASTEEL,2021,11.03,6.0,20.0,12.212
BHARTIARTL,2013,4.5,4.0,30.0,12.0
SBILIFE,2013,23.03,6.0,3.0,11.912
GAIL,2014,14.75,7.0,13.0,11.9
SBILIFE,2018,17.62,12.0,4.0,11.847999999999999
IOC,2019,15.36,12.0,7.0,11.844
TVSMOTOR,2013,22.02,4.0,6.0,11.808
SBILIFE,2019,17.52,13.0,3.0,11.808
TATAPOWER,2018,15.92,9.0,9.0,11.767999999999999
RELIANCE,2014,11.35,16.0,8.0,11.74
TITAN,2017,16.47,8.0,9.0,11.687999999999999
SBILIFE,2014,21.69,7.0,3.0,11.676
SUNPHARMA,2018,6.63,9.0,21.0,11.652000000000001
ADANIENT,2023,7.33,22.0,7.0,11.632
SBILIFE,2020,16.26,14.0,3.0,11.604000000000001
RELIANCE,2013,11.47,15.0,8.0,11.488000000000001
ADANIGREEN,2019,-24.57,-3.0,74.0,11.471999999999998
TATAPOWER,2019,14.24,9.0,10.0,11.396
SBILIFE,2015,20.09,8.0,3.0,11.336
GAIL,2021,11.55,9.0,13.0,11.22
APOLLOHOSP,2016,7.049999999999999,17.0,11.0,11.219999999999999
DLF,2019,3.91,6.0,26.0,11.164
TATACONSUM,2024,7.57,12.0,15.0,11.128
DRREDDY,2018,7.53,11.0,16.0,11.112
SBILIFE,2017,17.2,10.0,4.0,11.079999999999998
NAUKRI,2014,8.93,8.0,17.0,11.072
UNIONBANK,2015,8.9,28.0,-3.0,11.06
DLF,2014,2.15,4.0,30.0,11.06
SBILIFE,2016,17.83,8.0,5.0,11.032
AMBUJACEM,2017,9.41,8.0,16.0,10.963999999999999
MOTHERSON,2019,19.14,3.0,8.0,10.956000000000001
JSWSTEEL,2023,6.3,17.0,11.0,10.919999999999998
SIEMENS,2014,13.78,17.0,1.0,10.912
GAIL,2018,11.53,7.0,14.0,10.911999999999999
TITAN,2021,12.99,11.0,8.0,10.896
BHARTIARTL,2019,2.36,1.0,32.0,10.844
BHEL,2014,10.56,10.0,12.0,10.824
UNIONBANK,2014,9.05,27.0,-3.0,10.82
DMART,2021,9.02,17.0,7.0,10.808
APOLLOHOSP,2019,6.0,17.0,11.0,10.8
TATAPOWER,2020,6.73,4.0,23.0,10.792
SBILIFE,2024,12.7,19.0,0.0,10.780000000000001
TATACONSUM,2023,8.110000000000001,12.0,13.0,10.744
ADANIENT,2013,5.69,15.0,13.0,10.676
JSWSTEEL,2015,7.73,7.0,18.0,10.591999999999999
DLF,2021,3.06,4.0,27.0,10.524000000000001
JSWENERGY,2018,0.77,0.0,34.0,10.508
M&M,2021,3.64,15.0,15.0,10.456
SBILIFE,2021,14.0,15.0,1.0,10.400000000000002
SBILIFE,2023,13.22,17.0,0.0,10.388
DMART,2015,17.67,4.0,7.0,10.368
PFC,2017,6.069999999999999,7.0,19.0,10.228000000000002
TATAPOWER,2017,8.32,3.0,20.0,10.228
TATAPOWER,2022,9.61,5.0,16.0,10.143999999999998
TATAPOWER,2021,6.45,4.0,21.0,10.08
MOTHERSON,2013,19.75,1.0,6.0,10.0
SBILIFE,2022,12.96,15.0,1.0,9.984000000000002
NAUKRI,2016,7.649999999999999,11.0,12.0,9.959999999999999
TATACONSUM,2022,6.7,10.0,14.0,9.879999999999999
DMART,2017,12.47,8.0,8.0,9.788
DMART,2014,16.84,3.0,7.0,9.736
IOC,2016,13.8,8.0,6.0,9.719999999999999
LODHA,2023,3.87,5.0,22.0,9.648
AMBUJACEM,2016,7.23,6.0,16.0,9.492
AMBUJACEM,2015,7.870000000000001,5.0,16.0,9.448
TVSMOTOR,2014,16.11,4.0,6.0,9.443999999999999
APOLLOHOSP,2017,3.95,16.0,10.0,9.379999999999999
TATACONSUM,2018,7.91,8.0,12.0,9.164
TATACONSUM,2021,6.4,9.0,13.0,9.16
TATASTEEL,2023,7.829999999999999,7.0,13.0,9.132
ONGC,2020,5.59,9.0,13.0,8.836
TATACONSUM,2014,8.72,7.0,10.0,8.588000000000001
GAIL,2017,8.58,5.0,12.0,8.532
MOTHERSON,2024,11.55,4.0,9.0,8.52
TATACONSUM,2013,9.25,6.0,10.0,8.5
JSWSTEEL,2013,5.44,4.0,17.0,8.475999999999999
TATACONSUM,2017,7.26,6.0,12.0,8.303999999999998
LODHA,2021,1.04,1.0,25.0,8.216
MOTHERSON,2021,12.49,2.0,8.0,7.996
GAIL,2015,9.29,5.0,9.0,7.915999999999999
TATASTEEL,2014,9.04,3.0,11.0,7.816
GAIL,2023,8.62,9.0,5.0,7.648
MOTHERSON,2020,11.49,2.0,8.0,7.596
TATACONSUM,2019,6.23,6.0,11.0,7.592
APOLLOHOSP,2021,2.98,10.0,11.0,7.492
TATAPOWER,2015,3.19,1.0,19.0,7.276
ADANIENT,2016,7.470000000000001,9.0,5.0,7.188000000000001
TRENT,2020,4.44,3.0,15.0,7.176
TATAMOTORS,2023,5.94,7.0,9.0,7.176
DMART,2013,11.91,2.0,6.0,7.164
BPCL,2020,10.04,7.0,3.0,7.016
ADANIENT,2020,6.140000000000001,10.0,5.0,6.956
ADANIPOWER,2014,-4.45,-1.0,30.0,6.92
ADANIENT,2017,6.54,9.0,5.0,6.816
IOC,2014,10.26,5.0,4.0,6.804
JSWSTEEL,2014,1.9,2.0,18.0,6.76
TATACONSUM,2020,3.330000000000001,5.0,13.0,6.732000000000001
UNIONBANK,2023,10.8,12.0,-4.0,6.72
BPCL,2013,11.54,4.0,3.0,6.715999999999999
IOC,2023,8.38,7.0,4.0,6.652
ADANIENT,2021,6.1,8.0,6.0,6.64
UNIONBANK,2016,5.84,20.0,-6.0,6.5360000000000005
TATACONSUM,2015,4.97,4.0,10.0,6.188
APOLLOHOSP,2018,1.85,8.0,10.0,6.140000000000001
TRENT,2018,5.45,3.0,10.0,6.08
TRENT,2015,9.07,4.0,4.0,6.0280000000000005
MOTHERSON,2023,7.44,2.0,8.0,5.976000000000001
TRENT,2019,5.77,3.0,9.0,5.9079999999999995
GAIL,2016,5.149999999999999,3.0,9.0,5.659999999999999
TATAPOWER,2013,1.0,0.0,17.0,5.5
ADANIENT,2018,3.94,7.0,6.0,5.476
TATAPOWER,2014,0.1,-1.0,19.0,5.44
TATAPOWER,2016,6.76,2.0,7.0,5.404
TRENT,2022,1.48,3.0,13.0,5.3919999999999995
TRENT,2017,5.489999999999999,3.0,7.0,5.196
ADANIENT,2022,3.54,7.0,5.0,5.016
BHEL,2015,4.24,4.0,7.0,4.996
ADANIENT,2019,3.43,7.0,5.0,4.972
MOTHERSON,2022,5.74,1.0,7.0,4.696
JINDALSTEL,2020,-1.24,-1.0,18.0,4.603999999999999
TATASTEEL,2020,1.6,1.0,12.0,4.54
DLF,2020,-1.71,-2.0,19.0,4.416
IOC,2015,7.08,3.0,2.0,4.332
BHEL,2019,3.24,3.0,7.0,4.296
INDIGO,2019,120.93,4.0,-151.0,4.272000000000013
IOC,2013,5.75,3.0,3.0,4.1
M&M,2020,-0.8,1.0,13.0,3.88
BPCL,2023,3.98,5.0,2.0,3.692
TRENT,2016,3.76,2.0,5.0,3.604
UNIONBANK,2022,7.430000000000001,8.0,-6.0,3.572
JSWSTEEL,2016,-2.54,-1.0,15.0,3.184
GODREJCP,2024,-4.45,-5.0,21.0,3.0199999999999996
BHEL,2023,2.68,2.0,4.0,2.872
BHEL,2018,1.35,1.0,6.0,2.6399999999999997
BHEL,2022,1.68,1.0,4.0,2.1719999999999997
BHEL,2017,1.4,1.0,4.0,2.0599999999999996
NAUKRI,2023,-0.52,-8.0,15.0,1.892
BHEL,2024,1.15,1.0,3.0,1.66
TATACONSUM,2016,-0.59,0.0,6.0,1.5639999999999998
JINDALSTEL,2015,-6.9,-14.0,28.0,1.4399999999999995
NAUKRI,2015,-0.99,2.0,3.0,1.1039999999999999
ADANIPOWER,2015,-14.25,-3.0,25.0,0.9000000000000004
ADANIPOWER,2019,-12.76,-3.0,21.0,0.29600000000000026
IOC,2020,-1.97,-1.0,3.0,-0.18800000000000017
TATASTEEL,2024,-5.33,-4.0,10.0,-0.33199999999999985
TATASTEEL,2016,-1.14,0.0,-1.0,-0.756
JINDALSTEL,2018,-5.319999999999999,-15.0,19.0,-0.9279999999999999
TRENT,2014,-1.92,-1.0,0.0,-1.068
UNIONBANK,2017,2.38,8.0,-15.0,-1.1480000000000001
TRENT,2013,-2.19,-1.0,0.0,-1.176
UNIONBANK,2021,4.42,4.0,-16.0,-1.8319999999999999
NAUKRI,2017,-2.7,-2.0,-1.0,-1.9800000000000002
TATASTEEL,2017,-11.02,-4.0,12.0,-2.008000000000001
BHARTIARTL,2021,-20.97,-26.0,45.0,-2.687999999999999
JINDALSTEL,2019,-7.52,-17.0,18.0,-2.708000000000001
BHEL,2016,-2.18,-2.0,-5.0,-2.972
TRENT,2021,-7.829999999999999,-4.0,4.0,-3.1319999999999997
BHEL,2020,-5.12,-4.0,-1.0,-3.548
JINDALSTEL,2017,-8.450000000000001,-25.0,22.0,-4.280000000000001
TATASTEEL,2015,-12.56,-3.0,2.0,-5.324000000000002
JINDALSTEL,2016,-9.52,-32.0,18.0,-8.008
ADANIPOWER,2020,-35.09999999999999,-6.0,22.0,-9.239999999999997
TATASTEEL,2013,-21.28,-6.0,3.0,-9.412
BHEL,2021,-10.39,-8.0,-18.0,-11.956
UNIONBANK,2020,-9.18,-9.0,-25.0,-13.872
UNIONBANK,2019,-10.89,-17.0,-25.0,-16.956
TATAMOTORS,2020,-18.98,-39.0,7.0,-17.192
TATAMOTORS,2022,-25.38,-34.0,9.0,-17.652
TATAMOTORS,2021,-24.25,-41.0,13.0,-18.1
NAUKRI,2020,-11.21,-19.0,-27.0,-18.284
BHARTIARTL,2020,-39.75,-55.0,42.0,-19.799999999999997
ADANIPOWER,2013,-53.45999999999999,-10.0,14.0,-20.183999999999997
UNIONBANK,2018,-20.64,-45.0,-36.0,-32.556
ICICIGI,2013,18.88,8.0,-178.0,-43.448
TATAMOTORS,2019,-47.73,-100.0,8.0,-46.692
ICICIGI,2015,20.27,13.0,-221.0,-54.291999999999994
ICICIGI,2014,21.72,12.0,-225.0,-55.212
ICICIGI,2018,18.98,19.0,-262.0,-65.30799999999999
ADANIPOWER,2017,-205.8,-16.0,26.0,-79.32000000000001
ICICIPRULI,2020,14.79,7.0,-319.0,-87.684
ADANIPOWER,2018,-236.56,-5.0,27.0,-88.02400000000002
INDUSINDBK,2019,12.37,55.0,-437.0,-109.65199999999999
ICICIPRULI,2021,10.5,7.0,-390.0,-110.7
INDUSINDBK,2020,12.73,64.0,-553.0,-141.608
CANBK,2015,9.02,11.0,-621.0,-179.392
CANBK,2014,8.85,10.0,-672.0,-195.06
INDUSINDBK,2022,9.67,60.0,-839.0,-229.832
KOTAKBANK,2014,13.24,16.0,-1379.0,-403.604
INDIGO,2021,-1094.15,-151.0,2.0,-482.36000000000007
ICICIPRULI,2023,8.06,6.0,-1757.0,-522.076
KOTAKBANK,2013,14.66,15.0,-1789.0,-526.3359999999999
ICICIPRULI,2024,7.73,6.0,-1829.0,-543.8079999999999
ICICIPRULI,2022,8.290000000000001,5.0,-2163.0,-644.084
KOTAKBANK,2016,10.56,19.0,-2263.0,-668.976
INDUSINDBK,2021,6.54,37.0,-2469.0,-726.9839999999999
AXISBANK,2021,6.36,22.0,-2510.0,-743.856
BANKBARODA,2022,8.64,15.0,-2948.0,-876.444
KOTAKBANK,2015,14.01,20.0,-3366.0,-998.1959999999999
KOTAKBANK,2017,13.04,27.0,-3965.0,-1176.184
KOTAKBANK,2018,12.4,33.0,-4141.0,-1227.44
BANKBARODA,2017,4.31,8.0,-4372.0,-1307.4759999999999
KOTAKBANK,2020,12.9,45.0,-5005.0,-1482.84
KOTAKBANK,2019,12.47,38.0,-5114.0,-1517.8120000000001
BANKBARODA,2019,2.12,4.0,-5414.0,-1622.152
AXISBANK,2019,6.9,18.0,-5447.0,-1625.9399999999998
KOTAKBANK,2023,13.35,75.0,-5746.0,-1695.96
AXISBANK,2017,6.529999999999999,15.0,-5715.0,-1707.388
CANBK,2017,4.07,5.0,-5775.0,-1729.372
BANKBARODA,2021,1.97,3.0,-6957.0,-2085.412
CANBK,2024,16.72,17.0,-7745.0,-2311.712
CANBK,2016,-7.82,-9.0,-8008.0,-2408.228
KOTAKBANK,2022,12.51,61.0,-8512.0,-2530.296
BANKBARODA,2018,-3.94,-7.0,-9197.0,-2762.776
CANBK,2023,14.53,12.0,-9877.0,-2953.688
AXISBANK,2020,1.88,6.0,-9859.0,-2955.1479999999997
KOTAKBANK,2021,11.85,50.0,-9958.0,-2967.6600000000003
AXISBANK,2018,0.43,1.0,-10277.0,-3082.6279999999997
CANBK,2019,1.85,2.0,-11590.0,-3475.66
BANKBARODA,2020,1.29,2.0,-11728.0,-3517.284
BANKBARODA,2016,-11.84,-22.0,-11700.0,-3521.336
CANBK,2020,-4.66,-4.0,-12867.0,-3863.1639999999998
ICICIBANK,2014,15.28,17.0,-13084.0,-3913.988
KOTAKBANK,2024,14.01,92.0,-13382.0,-3981.3959999999997
CANBK,2018,-10.5,-11.0,-13350.0,-4012.5
CANBK,2022,8.799999999999999,7.0,-13657.0,-4091.4799999999996
ICICIBANK,2024,17.99,63.0,-14152.0,-4219.504
ICICIBANK,2013,14.73,15.0,-15085.0,-4515.108
ICICIBANK,2015,15.28,19.0,-16120.0,-4824.188
ICICIBANK,2023,16.53,49.0,-17341.0,-5180.988
CANBK,2021,4.74,4.0,-18367.0,-5507.004
ICICIBANK,2022,14.58,36.0,-26558.0,-7950.768
ICICIBANK,2016,11.61,16.0,-26955.0,-8077.056
ICICIBANK,2017,10.84,16.0,-37737.0,-11311.964
HDFCBANK,2024,14.34,84.0,-44685.0,-13374.564
ICICIBANK,2021,12.92,27.0,-44805.0,-13428.232
ICICIBANK,2018,8.23,12.0,-44906.0,-13464.908
ICICIBANK,2020,9.13,15.0,-45190.0,-13548.848
ICICIBANK,2019,4.98,7.0,-50971.0,-15287.207999999999
