company_id,year,sales,net_profit,net_profit_margin
BAJAJHLDNG,2023.0,522.0,4946.0,947.5095785440614
BAJAJHLDNG,2022.0,484.0,4126.0,852.4793388429752
NAUKRI,2022.0,1589.0,12882.0,810.6985525487728
BAJAJHLDNG,2021.0,457.0,3654.0,799.562363238512
BAJAJHLDNG,2020.0,435.0,3080.0,708.0459770114943
BAJAJHLDNG,2019.0,431.0,3048.0,707.1925754060325
BAJAJHLDNG,2018.0,420.0,2655.0,632.1428571428571
BAJAJHLDNG,2013.0,337.0,1856.0,550.7418397626113
BAJAJHLDNG,2016.0,470.0,2265.0,481.9148936170213
BAJAJHLDNG,2014.0,423.0,1988.0,469.97635933806146
BAJAJHLDNG,2024.0,1702.0,7365.0,432.7262044653349
BAJAJHLDNG,2015.0,524.0,2029.0,387.2137404580153
BAJAJHLDNG,2017.0,842.0,2473.0,293.70546318289786
NAUKRI,2021.0,1128.0,1418.0,125.70921985815602
JIOFIN,2024.0,1855.0,1605.0,86.52291105121293
VEDL,2013.0,2749.0,2280.0,82.93925063659513
JIOFIN,2023.0,45.0,31.0,68.88888888888889
DLF,2018.0,6707.0,4477.0,66.75115550916952
NAUKRI,2019.0,1151.0,592.0,51.433536055603824
NAUKRI,2018.0,988.0,501.0,50.708502024291505
ADANIPORTS,2017.0,8439.0,3902.0,46.23770588932338
ADANIPORTS,2017.0,8439.0,3902.0,46.23770588932338
ADANIPORTS,2013.0,3577.0,1639.0,45.820519988817445
ADANIPORTS,2013.0,3577.0,1639.0,45.820519988817445
NHPC,2013.0,6381.0,2873.0,45.02429086350102
DLF,2024.0,6427.0,2724.0,42.38369379181578
NHPC,2024.0,9632.0,4028.0,41.81893687707641
ADANIPOWER,2024.0,50351.0,20829.0,41.36759945184802
NHPC,2022.0,9144.0,3774.0,41.272965879265094
POWERGRID,2022.0,41622.0,16824.0,40.420931238287444
NHPC,2017.0,8623.0,3480.0,40.357184274614404
ADANIPORTS,2021.0,12550.0,5049.0,40.23107569721115
ADANIPORTS,2021.0,12550.0,5049.0,40.23107569721115
ADANIPORTS,2016.0,7109.0,2856.0,40.17442678295119
ADANIPORTS,2016.0,7109.0,2856.0,40.17442678295119
NHPC,2023.0,10607.0,4261.0,40.17158480248892
ADANIPORTS,2015.0,6152.0,2324.0,37.77633289986996
ADANIPORTS,2015.0,6152.0,2324.0,37.77633289986996
NHPC,2021.0,9648.0,3600.0,37.3134328358209
ADANIPORTS,2019.0,10925.0,4045.0,37.02517162471396
ADANIPORTS,2019.0,10925.0,4045.0,37.02517162471396
BAJAJFINSV,2014.0,6023.0,2191.0,36.37722065415906
ADANIPORTS,2014.0,4830.0,1741.0,36.04554865424431
ADANIPORTS,2014.0,4830.0,1741.0,36.04554865424431
NHPC,2018.0,7755.0,2785.0,35.912314635718886
KOTAKBANK,2022.0,33741.0,12089.0,35.82881360955514
DLF,2023.0,5695.0,2034.0,35.71553994732221
KOTAKBANK,2023.0,42151.0,14925.0,35.40841261180043
IRCTC,2022.0,1879.0,660.0,35.125066524747204
NHPC,2015.0,8221.0,2798.0,34.03478895511495
POWERGRID,2024.0,45843.0,15573.0,33.97028990249329
POWERGRID,2023.0,45603.0,15420.0,33.81356489704624
NHPC,2020.0,10008.0,3345.0,33.42326139088729
DIVISLAB,2022.0,8960.0,2960.0,33.035714285714285
POWERGRID,2013.0,13081.0,4313.0,32.97148536044645
ADANIPORTS,2018.0,11323.0,3690.0,32.588536606906295
ADANIPORTS,2018.0,11323.0,3690.0,32.588536606906295
KOTAKBANK,2024.0,56237.0,18213.0,32.386151466116615
ADANIPORTS,2020.0,11873.0,3785.0,31.8790533142424
ADANIPORTS,2020.0,11873.0,3785.0,31.8790533142424
ITC,2020.0,49388.0,15593.0,31.57244674819794
NHPC,2019.0,8983.0,2836.0,31.570744740064566
SUNPHARMA,2013.0,11131.0,3469.0,31.165214266463032
ZYDUSLIFE,2022.0,15110.0,4618.0,30.562541363335537
DIVISLAB,2014.0,2532.0,773.0,30.529225908372826
KOTAKBANK,2021.0,32820.0,9990.0,30.438756855575868
POWERGRID,2021.0,39640.0,12036.0,30.363269424823407
ADANIPORTS,2024.0,26711.0,8104.0,30.339560480700833
ADANIPORTS,2024.0,26711.0,8104.0,30.339560480700833
IRFC,2022.0,20299.0,6090.0,30.001477905315532
DIVISLAB,2016.0,3776.0,1126.0,29.81991525423729
RECLTD,2024.0,47517.0,14145.0,29.7682934528695
POWERGRID,2020.0,37744.0,11059.0,29.300021195421788
ICICIBANK,2023.0,121067.0,35461.0,29.290392922926973
ITC,2024.0,70866.0,20751.0,29.282025230717128
POWERGRID,2014.0,15555.0,4548.0,29.238187078109934
POWERGRID,2017.0,25697.0,7451.0,28.995602599525238
ADANIENSOL,2018.0,3944.0,1143.0,28.98073022312373
ADANIPORTS,2022.0,17119.0,4953.0,28.93276476429698
ADANIPORTS,2022.0,17119.0,4953.0,28.93276476429698
PFC,2024.0,91508.0,26461.0,28.916597455960137
ICICIBANK,2024.0,159516.0,46081.0,28.888011233982798
POWERGRID,2016.0,20652.0,5959.0,28.854348247143136
POWERGRID,2015.0,17540.0,5046.0,28.76852907639681
POWERGRID,2019.0,35059.0,10034.0,28.62032573661542
DIVISLAB,2021.0,6969.0,1984.0,28.46893384990673
IRCTC,2023.0,3541.0,1006.0,28.410053657158997
NHPC,2016.0,8354.0,2365.0,28.309791716542975
RECLTD,2023.0,39486.0,11167.0,28.28090968951021
RECLTD,2013.0,13634.0,3833.0,28.113539680211236
HDFCBANK,2022.0,135936.0,38151.0,28.06541313559322
DIVISLAB,2013.0,2145.0,602.0,28.065268065268068
IRFC,2021.0,15771.0,4416.0,28.000760890241583
ICICIBANK,2022.0,95407.0,26538.0,27.815569088222038
BAJFINANCE,2023.0,41411.0,11508.0,27.7897177078554
ADANIPOWER,2023.0,38773.0,10727.0,27.666159440848016
RECLTD,2014.0,17223.0,4741.0,27.527143935435173
BAJAJFINSV,2013.0,8055.0,2214.0,27.48603351955307
ITC,2023.0,70919.0,19477.0,27.463726222873987
POWERGRID,2018.0,29954.0,8204.0,27.388662616011217
DIVISLAB,2019.0,4946.0,1353.0,27.355438738374442
DIVISLAB,2015.0,3115.0,852.0,27.351524879614768
ATGL,2021.0,1696.0,463.0,27.299528301886795
PFC,2023.0,77684.0,21179.0,27.263014262911284
ITC,2021.0,49257.0,13383.0,27.16974237164261
HDFCBANK,2023.0,170754.0,46149.0,27.026599669700268
SIEMENS,2016.0,10837.0,2914.0,26.889360524130296
ITC,2019.0,48340.0,12836.0,26.553578816714936
ITC,2018.0,43449.0,11493.0,26.45170199544293
BAJFINANCE,2024.0,54972.0,14451.0,26.287928399912687
COALINDIA,2024.0,142324.0,37369.0,26.25628846856468
DLF,2022.0,5717.0,1500.0,26.237537169844323
DIVISLAB,2017.0,4064.0,1060.0,26.08267716535433
IRCTC,2024.0,4270.0,1111.0,26.01873536299766
RECLTD,2015.0,20544.0,5344.0,26.012461059190027
IRFC,2023.0,23722.0,6167.0,25.996964842761994
RECLTD,2017.0,24338.0,6313.0,25.938861040348428
TORNTPHARM,2016.0,6687.0,1733.0,25.915956333183786
ADANIPORTS,2023.0,20852.0,5391.0,25.85363514291195
ADANIPORTS,2023.0,20852.0,5391.0,25.85363514291195
KOTAKBANK,2020.0,33474.0,8593.0,25.670669773555595
PFC,2013.0,17314.0,4438.0,25.63243617881483
ITC,2022.0,60645.0,15503.0,25.563525434908072
RECLTD,2022.0,39276.0,10036.0,25.55250025460841
DIVISLAB,2020.0,5394.0,1377.0,25.528364849833146
PFC,2014.0,21407.0,5462.0,25.515018451908254
ITC,2014.0,35306.0,9001.0,25.49425026907608
COALINDIA,2013.0,68303.0,17356.0,25.41030408620412
ITC,2015.0,38817.0,9779.0,25.192570265605273
HAL,2024.0,30381.0,7595.0,24.999177117277245
KOTAKBANK,2018.0,25131.0,6258.0,24.901516055867255
SUNPHARMA,2017.0,31578.0,7846.0,24.846412059028438
HDFCBANK,2021.0,128552.0,31857.0,24.78141141328023
PFC,2022.0,76262.0,18768.0,24.60989745876059
ITC,2017.0,42768.0,10477.0,24.497287691732136
ITC,2013.0,31618.0,7704.0,24.36586754380416
ITC,2016.0,39192.0,9501.0,24.242192284139623
EICHERMOT,2024.0,16536.0,4001.0,24.195694242864054
KOTAKBANK,2019.0,29831.0,7204.0,24.149374811437767
SUNPHARMA,2014.0,16080.0,3879.0,24.12313432835821
IRCTC,2021.0,777.0,187.0,24.066924066924066
IRFC,2024.0,26645.0,6412.0,24.064552448864703
PFC,2015.0,24988.0,6004.0,24.027533215943652
IRFC,2020.0,13421.0,3192.0,23.783622680873258
EICHERMOT,2017.0,7033.0,1667.0,23.702545144319636
TCS,2014.0,81809.0,19332.0,23.630651884267014
ICICIBANK,2014.0,49479.0,11677.0,23.599911073384668
RECLTD,2016.0,24125.0,5691.0,23.589637305699483
RECLTD,2021.0,35557.0,8378.0,23.562167786933657
ICICIBANK,2015.0,54964.0,12942.0,23.546321228440434
DIVISLAB,2023.0,7767.0,1824.0,23.483970645036695
NAUKRI,2024.0,2536.0,595.0,23.462145110410095
INFY,2013.0,40352.0,9429.0,23.366871530531323
PFC,2019.0,54106.0,12640.0,23.361549550881602
KOTAKBANK,2015.0,13319.0,3105.0,23.312561003078308
ATGL,2020.0,1875.0,436.0,23.253333333333334
INFY,2015.0,53319.0,12372.0,23.20373600405109
HDFCBANK,2024.0,283649.0,65446.0,23.07288232992184
COALINDIA,2023.0,138252.0,31723.0,22.94578016954547
ICICIBANK,2021.0,89163.0,20364.0,22.83907001783251
AXISBANK,2024.0,109369.0,24861.0,22.73130411725443
INFY,2018.0,70522.0,16029.0,22.729077451008195
GODREJCP,2019.0,10314.0,2342.0,22.70700019391119
IRCTC,2020.0,2264.0,513.0,22.659010600706715
RECLTD,2019.0,25408.0,5741.0,22.59524559193955
ICICIBANK,2013.0,44885.0,10130.0,22.568786899855187
DIVISLAB,2018.0,3891.0,877.0,22.539193009509123
EICHERMOT,2019.0,9797.0,2203.0,22.486475451668877
KOTAKBANK,2017.0,22324.0,5019.0,22.482530012542558
TCS,2016.0,108646.0,24338.0,22.401192864900686
TCS,2013.0,62989.0,14076.0,22.346758957913288
TCS,2017.0,117966.0,26357.0,22.342878456504415
HDFCBANK,2020.0,122189.0,27296.0,22.339163099788035
BAJFINANCE,2022.0,31641.0,7028.0,22.211687367655887
PFC,2016.0,27861.0,6184.0,22.19590108036323
IRFC,2018.0,9267.0,2055.0,22.17546131434121
NHPC,2014.0,7389.0,1633.0,22.10041954256327
PFC,2021.0,71656.0,15716.0,21.932566707602994
EICHERMOT,2018.0,8965.0,1960.0,21.862799776910204
HDFCBANK,2018.0,85288.0,18561.0,21.76273332708001
EICHERMOT,2016.0,6173.0,1338.0,21.675036449052325
BAJFINANCE,2019.0,18487.0,3995.0,21.609779845296696
INFY,2016.0,62441.0,13489.0,21.602793036626576
HAL,2023.0,26928.0,5811.0,21.57976827094474
TCS,2019.0,146463.0,31562.0,21.549469831971216
COALINDIA,2014.0,70608.0,15112.0,21.402673917969636
HDFCBANK,2019.0,105161.0,22446.0,21.34441475451926
JSWENERGY,2022.0,8167.0,1743.0,21.341986041386065
INFY,2014.0,50133.0,10656.0,21.255460475136136
BAJAJFINSV,2015.0,11335.0,2409.0,21.25275694750772
CHOLAFIN,2022.0,10148.0,2154.0,21.225857311785575
TCS,2015.0,94648.0,20060.0,21.194320006761895
HDFCBANK,2015.0,50666.0,10703.0,21.12462006079027
KOTAKBANK,2014.0,11986.0,2527.0,21.08293008509928
TCS,2018.0,123104.0,25880.0,21.02287496750715
INFY,2017.0,68484.0,14353.0,20.958180012849716
HAL,2013.0,14328.0,2997.0,20.917085427135678
HDFCBANK,2017.0,73271.0,15317.0,20.904587080836894
SHRIRAMFIN,2013.0,7009.0,1463.0,20.873163076045085
INDUSINDBK,2018.0,17281.0,3606.0,20.866847983334296
ZYDUSLIFE,2016.0,9427.0,1964.0,20.83377532619073
AXISBANK,2015.0,35479.0,7358.0,20.739028721215366
SHREECEM,2016.0,5514.0,1143.0,20.729053318824807
CHOLAFIN,2023.0,12884.0,2665.0,20.684570009313877
TCS,2020.0,156949.0,32447.0,20.673594607165384
HAL,2022.0,24620.0,5086.0,20.65800162469537
KOTAKBANK,2013.0,10838.0,2238.0,20.64956634065326
HDFCBANK,2014.0,42555.0,8768.0,20.60392433321584
ABB,2024.0,5849.0,1201.0,20.533424517011454
DIVISLAB,2024.0,7845.0,1600.0,20.395156150414277
SHRIRAMFIN,2024.0,36388.0,7399.0,20.333626470264925
ZYDUSLIFE,2024.0,19547.0,3973.0,20.32536962193687
INDUSINDBK,2023.0,36368.0,7390.0,20.320061592608887
HCLTECH,2014.0,32144.0,6528.0,20.3086112493778
HDFCBANK,2016.0,63162.0,12821.0,20.298597257844907
AXISBANK,2014.0,30641.0,6218.0,20.293071374955126
IRFC,2019.0,11134.0,2255.0,20.25327824681157
LTIM,2014.0,4920.0,996.0,20.243902439024392
EICHERMOT,2023.0,14442.0,2914.0,20.177260767206757
AXISBANK,2016.0,40988.0,8224.0,20.064409095344978
TCS,2022.0,191754.0,38449.0,20.051211448001087
HCLTECH,2015.0,36701.0,7342.0,20.004904498515028
DLF,2021.0,5414.0,1083.0,20.003694126339123
SUNPHARMA,2015.0,27392.0,5476.0,19.99123831775701
BAJFINANCE,2020.0,26374.0,5264.0,19.959050580116784
EICHERMOT,2020.0,9154.0,1827.0,19.958488092637097
DRREDDY,2024.0,28011.0,5578.0,19.913605369319196
INDUSINDBK,2017.0,14406.0,2868.0,19.908371511870055
SUNPHARMA,2016.0,28487.0,5658.0,19.861691297784954
TCS,2021.0,164177.0,32562.0,19.833472410873632
SUNPHARMA,2024.0,48497.0,9610.0,19.815658700538176
SHRIRAMFIN,2023.0,30492.0,6020.0,19.742883379247015
BEL,2024.0,20268.0,3985.0,19.661535425300965
RECLTD,2018.0,22658.0,4451.0,19.644275752493602
BAJFINANCE,2018.0,12746.0,2496.0,19.58261415345991
INDUSINDBK,2024.0,45748.0,8950.0,19.56369677362945
SUNPHARMA,2023.0,43886.0,8513.0,19.39798569019733
INFY,2021.0,100472.0,19423.0,19.331754120550997
AXISBANK,2022.0,67377.0,13025.0,19.33152262641554
INDUSINDBK,2016.0,11872.0,2286.0,19.255390835579515
HDFCBANK,2013.0,35861.0,6903.0,19.249323777920306
TCS,2024.0,240893.0,46099.0,19.136712150207767
AXISBANK,2013.0,27183.0,5179.0,19.05234889452967
TECHM,2013.0,6873.0,1307.0,19.01644114651535
SHRIRAMFIN,2018.0,13502.0,2549.0,18.878684639312695
TCS,2023.0,225458.0,42303.0,18.763139919630266
BAJAJ-AUTO,2017.0,21755.0,4079.0,18.7497127097219
CIPLA,2013.0,8279.0,1545.0,18.661674115231307
INFY,2019.0,82675.0,15410.0,18.639250075597218
ICICIBANK,2017.0,60940.0,11340.0,18.608467344929437
BAJAJ-AUTO,2022.0,33145.0,6166.0,18.60310755770101
WIPRO,2015.0,46951.0,8714.0,18.559775084662732
SHREECEM,2013.0,5418.0,1004.0,18.530823181985973
COALINDIA,2015.0,74120.0,13727.0,18.519967620075555
INDUSINDBK,2015.0,9692.0,1794.0,18.510111432108957
ICICIBANK,2016.0,59294.0,10927.0,18.428508786723782
BAJFINANCE,2017.0,9970.0,1836.0,18.415245737211634
WIPRO,2014.0,43424.0,7991.0,18.40226602800295
INFY,2020.0,90791.0,16639.0,18.32670639160269
COALINDIA,2016.0,77861.0,14267.0,18.323679377351947
DRREDDY,2023.0,24670.0,4507.0,18.269152817186868
INFY,2022.0,121641.0,22146.0,18.20603250548746
BEL,2016.0,7354.0,1337.0,18.18058199619255
HCLTECH,2017.0,47568.0,8606.0,18.091994618230743
PFC,2018.0,48624.0,8797.0,18.091888779203686
HCLTECH,2016.0,31136.0,5602.0,17.992034943473794
BAJAJ-AUTO,2016.0,22574.0,4061.0,17.989722689820148
VEDL,2022.0,132732.0,23710.0,17.863062411475756
CHOLAFIN,2024.0,19163.0,3420.0,17.846892448990243
HAL,2014.0,15135.0,2693.0,17.793194582094483
ABB,2023.0,5349.0,949.0,17.74163395027108
DABUR,2021.0,9562.0,1695.0,17.72641706755909
ADANIPOWER,2022.0,27711.0,4912.0,17.725812854101257
NTPC,2013.0,71518.0,12586.0,17.598366844710423
BEL,2017.0,8656.0,1523.0,17.594731977818853
DABUR,2018.0,7722.0,1358.0,17.586117586117584
WIPRO,2021.0,61935.0,10868.0,17.547428755953824
COALINDIA,2019.0,99586.0,17464.0,17.536601530335588
BAJFINANCE,2016.0,7299.0,1279.0,17.522948349088914
BAJAJ-AUTO,2021.0,27741.0,4857.0,17.508381096571863
WIPRO,2016.0,51244.0,8957.0,17.47911950667395
BAJAJ-AUTO,2020.0,29919.0,5212.0,17.42036832781844
COALINDIA,2020.0,96080.0,16700.0,17.38134887593672
KOTAKBANK,2016.0,20402.0,3524.0,17.27281639054995
VEDL,2014.0,66152.0,11421.0,17.2647841335107
HCLTECH,2018.0,50569.0,8722.0,17.24772093575115
SHREECEM,2021.0,13560.0,2337.0,17.234513274336283
BAJAJ-AUTO,2024.0,44870.0,7708.0,17.178515712057056
HAVELLS,2016.0,7594.0,1300.0,17.118777982617857
TATASTEEL,2022.0,243959.0,41749.0,17.113121467131773
INFY,2024.0,153670.0,26248.0,17.08075746730006
VEDL,2021.0,88021.0,15032.0,17.07774281137456
INDUSINDBK,2014.0,8254.0,1408.0,17.058395929246426
HINDUNILVR,2021.0,47028.0,7999.0,17.00901590541805
HINDUNILVR,2020.0,39783.0,6756.0,16.982128044642185
DABUR,2019.0,8515.0,1446.0,16.981796829125074
HINDUNILVR,2022.0,52446.0,8892.0,16.954581855622926
BEL,2015.0,7093.0,1197.0,16.875793035387
CHOLAFIN,2019.0,7108.0,1197.0,16.840180078784467
BEL,2023.0,17734.0,2986.0,16.837712867937295
DABUR,2017.0,7614.0,1280.0,16.811137378513266
BAJAJ-AUTO,2014.0,20137.0,3380.0,16.785022595222724
ADANIENSOL,2016.0,2194.0,368.0,16.773017319963536
ATGL,2022.0,3038.0,509.0,16.754443712969056
HCLTECH,2019.0,60427.0,10120.0,16.747480430933194
HINDUNILVR,2023.0,60580.0,10143.0,16.743149554308353
BAJAJ-AUTO,2018.0,25210.0,4219.0,16.735422451408173
BOSCHLTD,2017.0,10435.0,1741.0,16.684235745088642
DABUR,2020.0,8685.0,1448.0,16.672423719055843
BAJFINANCE,2015.0,5392.0,898.0,16.654302670623146
BAJAJ-AUTO,2023.0,36455.0,6060.0,16.62323412426279
HINDUNILVR,2024.0,61896.0,10282.0,16.611735814915342
RECLTD,2020.0,29942.0,4972.0,16.605437178545188
GODREJCP,2018.0,9847.0,1634.0,16.593886462882097
SHRIRAMFIN,2019.0,15536.0,2576.0,16.580844490216272
BAJFINANCE,2021.0,26673.0,4420.0,16.5710643722116
IRCTC,2019.0,1870.0,309.0,16.524064171122994
WIPRO,2013.0,37430.0,6182.0,16.516163505209725
CHOLAFIN,2018.0,5559.0,918.0,16.51376146788991
SBIN,2023.0,350845.0,57750.0,16.460260228876
INFY,2023.0,146767.0,24108.0,16.426035825492104
TECHM,2014.0,18802.0,3062.0,16.28550154238911
EICHERMOT,2022.0,10298.0,1677.0,16.284715478733737
ABB,2022.0,4913.0,799.0,16.26297577854671
BAJAJ-AUTO,2019.0,30358.0,4928.0,16.2329534224916
TORNTPHARM,2015.0,4636.0,751.0,16.199309749784298
ZYDUSLIFE,2017.0,9376.0,1517.0,16.179607508532424
NESTLEIND,2024.0,24394.0,3933.0,16.12281708616873
DABUR,2016.0,7780.0,1254.0,16.118251928020566
CIPLA,2024.0,25774.0,4154.0,16.11701714906495
NAUKRI,2013.0,472.0,76.0,16.101694915254235
TORNTPHARM,2017.0,5816.0,934.0,16.059147180192575
LTIM,2019.0,9446.0,1516.0,16.049121321194157
ABB,2021.0,4310.0,691.0,16.03248259860789
SHRIRAMFIN,2014.0,8476.0,1358.0,16.021708352996697
DABUR,2022.0,10889.0,1742.0,15.997795940857745
WIPRO,2020.0,61138.0,9772.0,15.983512708953516
BANKBARODA,2024.0,118379.0,18869.0,15.93948250956673
TORNTPHARM,2014.0,4172.0,664.0,15.915627996164908
NESTLEIND,2019.0,12369.0,1968.0,15.910744603444094
PIDILITIND,2018.0,6078.0,966.0,15.893385982230997
BANKBARODA,2023.0,94503.0,15005.0,15.877802821074463
CHOLAFIN,2021.0,9583.0,1521.0,15.871856412396953
COALINDIA,2022.0,109715.0,17378.0,15.839219796746114
SBIN,2024.0,439189.0,69543.0,15.83441297482405
HCLTECH,2013.0,25581.0,4040.0,15.792971345920801
HCLTECH,2022.0,85651.0,13523.0,15.78849050215409
BOSCHLTD,2016.0,9701.0,1531.0,15.781878156891041
NAUKRI,2016.0,748.0,118.0,15.775401069518717
DLF,2019.0,8366.0,1314.0,15.706430791298112
NESTLEIND,2023.0,19126.0,2999.0,15.680225870542715
VEDL,2017.0,72225.0,11316.0,15.667705088265835
LTIM,2021.0,12370.0,1938.0,15.666936135812449
ASIANPAINT,2024.0,35495.0,5558.0,15.658543456824905
BAJAJ-AUTO,2013.0,20025.0,3133.0,15.645443196004994
HCLTECH,2020.0,70676.0,11057.0,15.644631841077594
TORNTPHARM,2021.0,8005.0,1252.0,15.640224859462837
BEL,2022.0,15368.0,2400.0,15.616866215512754
GODREJCP,2021.0,11029.0,1721.0,15.604315894460061
NESTLEIND,2020.0,13350.0,2082.0,15.595505617977528
SHREECEM,2017.0,8594.0,1339.0,15.580637654177332
DRREDDY,2015.0,15023.0,2336.0,15.549490780802769
BEL,2019.0,12164.0,1887.0,15.512989148306477
LTIM,2015.0,4978.0,769.0,15.447971072719968
EICHERMOT,2021.0,8720.0,1347.0,15.447247706422019
PIDILITIND,2021.0,7293.0,1126.0,15.439462498286026
WIPRO,2022.0,79312.0,12243.0,15.436503933830947
TORNTPHARM,2024.0,10728.0,1656.0,15.436241610738255
HINDUNILVR,2019.0,39310.0,6060.0,15.41592470109387
PIDILITIND,2020.0,7294.0,1122.0,15.382506169454347
PIDILITIND,2017.0,5617.0,863.0,15.364073348762686
WIPRO,2017.0,55448.0,8518.0,15.362141105179628
INDUSINDBK,2020.0,28783.0,4418.0,15.349338150991903
ONGC,2014.0,174121.0,26665.0,15.314063208917936
CHOLAFIN,2017.0,4694.0,718.0,15.296122709842352
WIPRO,2019.0,59019.0,9018.0,15.27982514105627
PFC,2020.0,62189.0,9477.0,15.23902941034588
LTIM,2018.0,7306.0,1112.0,15.22036682179031
ZYDUSLIFE,2018.0,11905.0,1810.0,15.203695926081478
INDUSINDBK,2013.0,6983.0,1061.0,15.194042675068022
HAL,2015.0,15730.0,2388.0,15.181182453909727
ZYDUSLIFE,2021.0,14404.0,2185.0,15.169397389613994
SHRIRAMFIN,2020.0,16561.0,2512.0,15.168166173540246
LTIM,2022.0,26109.0,3950.0,15.128882760733847
GODREJCP,2020.0,9911.0,1497.0,15.104429421854505
IRCTC,2018.0,1466.0,221.0,15.075034106412005
IRCTC,2017.0,1520.0,229.0,15.06578947368421
LODHA,2024.0,10316.0,1554.0,15.063978286157425
PIDILITIND,2016.0,5361.0,807.0,15.05316172355904
JSWENERGY,2024.0,11486.0,1725.0,15.018283127285393
INDUSINDBK,2022.0,30822.0,4611.0,14.960093439750827
AMBUJACEM,2014.0,9955.0,1487.0,14.937217478653944
LTIM,2017.0,6501.0,971.0,14.936163667128133
ATGL,2024.0,4475.0,668.0,14.927374301675977
VEDL,2018.0,91866.0,13692.0,14.904317157599111
JINDALSTEL,2013.0,19807.0,2952.0,14.903821881153128
BOSCHLTD,2024.0,16727.0,2490.0,14.886112273569676
BEL,2021.0,14109.0,2100.0,14.88411652136934
BAJAJFINSV,2023.0,82072.0,12210.0,14.877181011794521
JSWENERGY,2016.0,9824.0,1460.0,14.861563517915311
INDUSINDBK,2019.0,22261.0,3301.0,14.82862405103095
HCLTECH,2021.0,75379.0,11169.0,14.817124132716009
ONGC,2013.0,161984.0,23994.0,14.812574081390755
ASIANPAINT,2021.0,21713.0,3207.0,14.769953484087875
DABUR,2023.0,11530.0,1701.0,14.752818733738074
HINDUNILVR,2018.0,35545.0,5227.0,14.705303136868759
NTPC,2016.0,73396.0,10781.0,14.688811379366722
WIPRO,2018.0,54487.0,8003.0,14.687907207223741
ICICIBANK,2018.0,62162.0,9100.0,14.63916862391815
DRREDDY,2014.0,13415.0,1963.0,14.632873648900485
HCLTECH,2023.0,101456.0,14845.0,14.631958681595963
BEL,2014.0,6518.0,952.0,14.605707272169377
DABUR,2024.0,12404.0,1811.0,14.600128990648178
LTIM,2013.0,3851.0,562.0,14.593612048818489
HAL,2017.0,17950.0,2616.0,14.573816155988858
NTPC,2014.0,78330.0,11403.0,14.557640750670242
JSWENERGY,2015.0,9347.0,1358.0,14.528725794372527
GODREJCP,2022.0,12276.0,1783.0,14.524275008145976
BEL,2013.0,6273.0,911.0,14.522556990275785
ABB,2020.0,4093.0,593.0,14.488150500855118
ADANIENSOL,2017.0,2876.0,416.0,14.464534075104313
ZYDUSLIFE,2019.0,13166.0,1899.0,14.42351511468935
TATASTEEL,2018.0,123249.0,17743.0,14.396060008600475
NESTLEIND,2021.0,14741.0,2118.0,14.368089003459739
SHRIRAMFIN,2021.0,17422.0,2499.0,14.343932958328551
JSWENERGY,2023.0,10332.0,1480.0,14.3244289585753
JSWSTEEL,2022.0,146371.0,20938.0,14.304746158733629
LTIM,2016.0,5846.0,836.0,14.300376325692781
HCLTECH,2024.0,109913.0,15710.0,14.293122742532729
AMBUJACEM,2024.0,33160.0,4738.0,14.288299155609169
NESTLEIND,2018.0,11292.0,1607.0,14.231314204746722
HINDUNILVR,2013.0,27004.0,3839.0,14.216412383350615
BRITANNIA,2023.0,16301.0,2316.0,14.207717317955954
HAL,2021.0,22882.0,3239.0,14.155231186085132
NESTLEIND,2022.0,16897.0,2391.0,14.150440906669823
SHRIRAMFIN,2022.0,19255.0,2721.0,14.131394443001819
BAJAJFINSV,2024.0,110382.0,15595.0,14.128209309488865
GODREJCP,2017.0,9268.0,1308.0,14.113077255071213
COALINDIA,2021.0,90026.0,12702.0,14.109257325661476
PIDILITIND,2024.0,12383.0,1747.0,14.108051360736493
BRITANNIA,2021.0,13136.0,1851.0,14.091047503045068
BAJAJFINSV,2017.0,24507.0,3450.0,14.077610478638755
SHREECEM,2018.0,9833.0,1384.0,14.075053391640393
BEL,2020.0,12968.0,1825.0,14.073103022825418
BAJAJ-AUTO,2015.0,21595.0,3026.0,14.012502894188469
NTPC,2019.0,100287.0,14034.0,13.993837685841633
LTIM,2020.0,10879.0,1520.0,13.971872414744002
AMBUJACEM,2013.0,9161.0,1278.0,13.950442091474729
ULTRACEMCO,2022.0,52599.0,7334.0,13.94323085990228
CANBK,2024.0,110519.0,15401.0,13.935160470145405
IRCTC,2016.0,1367.0,189.0,13.825896122896856
ICICIGI,2015.0,4234.0,585.0,13.816721776098253
LODHA,2019.0,11907.0,1644.0,13.80700428319476
CIPLA,2014.0,10173.0,1404.0,13.80123857269242
SHREECEM,2014.0,5715.0,787.0,13.770778652668417
BEL,2018.0,10401.0,1431.0,13.758292471877704
UNIONBANK,2024.0,100376.0,13797.0,13.745317605802185
ZYDUSLIFE,2015.0,8651.0,1188.0,13.732516472084152
ASIANPAINT,2020.0,20211.0,2774.0,13.725199148978279
DABUR,2015.0,7795.0,1068.0,13.701090442591404
DRREDDY,2016.0,15568.0,2131.0,13.688335046248715
HINDUNILVR,2015.0,31972.0,4376.0,13.68697610409108
BHEL,2013.0,48903.0,6693.0,13.686276915526655
ADANIGREEN,2024.0,9220.0,1260.0,13.665943600867678
CHOLAFIN,2016.0,4214.0,575.0,13.64499288087328
TORNTPHARM,2013.0,3203.0,435.0,13.581017795816422
ULTRACEMCO,2020.0,42430.0,5751.0,13.5540890879095
HINDUNILVR,2017.0,33162.0,4490.0,13.539593510644716
GRASIM,2013.0,27909.0,3778.0,13.536851911569745
HINDUNILVR,2014.0,29234.0,3956.0,13.532188547581583
BAJAJFINSV,2016.0,20533.0,2775.0,13.514829786197827
NTPC,2021.0,111531.0,14969.0,13.421380602702387
ASIANPAINT,2017.0,15062.0,2016.0,13.384676669764971
ATGL,2019.0,1719.0,229.0,13.321698662012798
LTIM,2023.0,33183.0,4410.0,13.289937618660158
SHREECEM,2023.0,17852.0,2369.0,13.270221823885278
GAIL,2022.0,92770.0,12304.0,13.262908267758974
AMBUJACEM,2012.0,9749.0,1292.0,13.252641296543235
HAL,2020.0,21445.0,2842.0,13.252506411750991
BANKBARODA,2013.0,36442.0,4829.0,13.251193677624718
ICICIBANK,2020.0,84836.0,11225.0,13.231411193361309
JINDALSTEL,2022.0,51166.0,6766.0,13.223625063518742
BOSCHLTD,2019.0,12085.0,1598.0,13.223003723624327
CANBK,2023.0,85885.0,11345.0,13.209524363975083
GODREJCP,2013.0,6412.0,845.0,13.178415470991892
GAIL,2020.0,72518.0,9515.0,13.120880333158663
PIDILITIND,2019.0,7078.0,928.0,13.111048318734106
ULTRACEMCO,2013.0,20514.0,2688.0,13.10324656332261
VBL,2023.0,16043.0,2102.0,13.102287602069437
LODHA,2022.0,9233.0,1208.0,13.08350481966858
JSWENERGY,2020.0,8273.0,1081.0,13.066602199927473
NTPC,2017.0,82042.0,10714.0,13.059164818020038
ADANIENSOL,2021.0,9926.0,1290.0,12.996171670360667
DABUR,2014.0,7058.0,916.0,12.978180787758573
TORNTPHARM,2023.0,9620.0,1245.0,12.941787941787942
TORNTPHARM,2020.0,7939.0,1025.0,12.910945962967629
LTIM,2024.0,35517.0,4585.0,12.90931103415266
DRREDDY,2013.0,11833.0,1527.0,12.904588861658075
LODHA,2012.0,2954.0,381.0,12.897765741367637
HINDUNILVR,2016.0,32186.0,4151.0,12.896911700739452
SBIN,2022.0,289973.0,37183.0,12.822917995813404
AMBUJACEM,2021.0,28965.0,3711.0,12.812014500258934
LODHA,2015.0,6236.0,798.0,12.796664528543939
NTPC,2022.0,132669.0,16960.0,12.7836947591374
GODREJCP,2023.0,13316.0,1702.0,12.781616100931211
BRITANNIA,2024.0,16769.0,2134.0,12.725863199952292
BAJAJFINSV,2018.0,32862.0,4176.0,12.707686689793682
SUNPHARMA,2020.0,32838.0,4172.0,12.704793227358548
AMBUJACEM,2020.0,24516.0,3107.0,12.673356175558819
ASIANPAINT,2016.0,14271.0,1803.0,12.634013033424427
DRREDDY,2019.0,15448.0,1950.0,12.622993267736923
BAJAJFINSV,2019.0,42605.0,5374.0,12.61354301138364
TECHM,2022.0,44646.0,5630.0,12.610312234018725
WIPRO,2023.0,90488.0,11366.0,12.560781540093712
ADANIGREEN,2023.0,7776.0,973.0,12.512860082304528
HEROMOTOCO,2020.0,29254.0,3659.0,12.50769125589663
NTPC,2015.0,79957.0,9992.0,12.496716985379642
DABUR,2013.0,6140.0,766.0,12.47557003257329
ATGL,2023.0,4378.0,546.0,12.47144814984011
ICICIGI,2018.0,6912.0,862.0,12.471064814814815
ASIANPAINT,2018.0,16825.0,2098.0,12.469539375928678
CIPLA,2021.0,19160.0,2389.0,12.468684759916492
CIPLA,2023.0,22753.0,2833.0,12.45110534874522
BANKBARODA,2014.0,40463.0,5036.0,12.4459382645874
UNITDSPR,2024.0,11321.0,1408.0,12.437063863616288
HEROMOTOCO,2017.0,28610.0,3546.0,12.394267738552953
WIPRO,2024.0,89760.0,11112.0,12.379679144385026
IRCTC,2015.0,1059.0,131.0,12.370160528800756
TECHM,2019.0,34742.0,4289.0,12.345288123884636
JINDALSTEL,2021.0,34579.0,4267.0,12.339859452268719
INDIGO,2016.0,16140.0,1986.0,12.304832713754648
TECHM,2018.0,30773.0,3786.0,12.302992883371786
NESTLEIND,2013.0,9101.0,1117.0,12.27337655202725
NESTLEIND,2017.0,10010.0,1225.0,12.237762237762238
ABB,2019.0,3679.0,450.0,12.231584669747214
SIEMENS,2024.0,22240.0,2718.0,12.221223021582734
ULTRACEMCO,2021.0,44726.0,5462.0,12.212136117694406
PIDILITIND,2022.0,9921.0,1207.0,12.166112287067836
ASIANPAINT,2023.0,34489.0,4195.0,12.163298442981821
ABB,2018.0,3298.0,401.0,12.15888417222559
BAJAJFINSV,2021.0,60592.0,7367.0,12.158370742012146
BAJAJFINSV,2022.0,68406.0,8314.0,12.153904628248984
LODHA,2011.0,2173.0,264.0,12.149102623101703
ZYDUSLIFE,2023.0,17237.0,2092.0,12.136682717410222
ICICIGI,2021.0,12161.0,1473.0,12.112490749116027
CHOLAFIN,2020.0,8712.0,1054.0,12.098255280073463
NESTLEIND,2014.0,9855.0,1185.0,12.02435312024353
BRITANNIA,2020.0,11600.0,1394.0,12.017241379310345
SHREECEM,2020.0,12868.0,1544.0,11.998756605533105
CHOLAFIN,2013.0,2570.0,308.0,11.98443579766537
CHOLAFIN,2015.0,3715.0,444.0,11.951547779273216
NTPC,2024.0,178501.0,21332.0,11.950633329785267
ICICIGI,2014.0,4352.0,520.0,11.948529411764707
TRENT,2024.0,12375.0,1477.0,11.935353535353535
NTPC,2018.0,88083.0,10502.0,11.922845497996208
HAL,2016.0,16758.0,1998.0,11.92266380236305
JSWENERGY,2021.0,6922.0,823.0,11.889627275353943
COALINDIA,2017.0,78164.0,9280.0,11.872473261347935
INDIGO,2024.0,68904.0,8167.0,11.852722628584697
JINDALSTEL,2024.0,50354.0,5943.0,11.802438733764944
GODREJCP,2015.0,8273.0,976.0,11.797413272089932
ATGL,2018.0,1374.0,162.0,11.790393013100436
GRASIM,2017.0,36068.0,4246.0,11.772208051458357
VBL,2022.0,13173.0,1550.0,11.766492067106961
TECHM,2015.0,22621.0,2659.0,11.754564342867248
BOSCHLTD,2018.0,11690.0,1371.0,11.72797262617622
HAL,2019.0,20008.0,2346.0,11.72530987604958
GRASIM,2022.0,95701.0,11206.0,11.709386526786554
CIPLA,2022.0,21763.0,2547.0,11.703349722005237
PNB,2013.0,43071.0,5020.0,11.655174014998492
SHRIRAMFIN,2017.0,10903.0,1266.0,11.611483078051913
ZYDUSLIFE,2014.0,7224.0,836.0,11.572535991140642
DRREDDY,2020.0,17517.0,2026.0,11.565907404235885
PIDILITIND,2013.0,3678.0,424.0,11.52800435019032
RELIANCE,2021.0,466307.0,53739.0,11.524382005845935
TECHM,2021.0,37855.0,4353.0,11.499141460837405
ASIANPAINT,2019.0,19240.0,2208.0,11.476091476091476
HEROMOTOCO,2018.0,32458.0,3722.0,11.467126748413333
SHRIRAMFIN,2016.0,10359.0,1184.0,11.429674679023073
TECHM,2016.0,26494.0,3027.0,11.425228353589493
AMBUJACEM,2018.0,26041.0,2973.0,11.416612265273992
TORNTPHARM,2018.0,5950.0,678.0,11.394957983193276
IRFC,2014.0,6197.0,701.0,11.311925125060514
IRFC,2016.0,7507.0,849.0,11.309444518449448
AXISBANK,2023.0,85164.0,9580.0,11.248884505189986
CHOLAFIN,2014.0,3279.0,368.0,11.222933821286977
SHRIRAMFIN,2015.0,9177.0,1028.0,11.201917838073443
SIEMENS,2015.0,10563.0,1174.0,11.114266780270757
BOSCHLTD,2015.0,12086.0,1338.0,11.070660268078768
BOSCHLTD,2012.0,8659.0,958.0,11.063633213996997
SBIN,2013.0,167976.0,18555.0,11.046220888698386
ASIANPAINT,2013.0,10504.0,1160.0,11.043412033511043
SUNPHARMA,2019.0,29066.0,3208.0,11.036950388770386
MARUTI,2017.0,68085.0,7511.0,11.031798487185137
BAJAJFINSV,2020.0,54351.0,5994.0,11.028315946348734
ONGC,2015.0,160923.0,17703.0,11.000913480360172
ADANIENSOL,2022.0,11258.0,1236.0,10.978859477704743
RELIANCE,2016.0,272583.0,29861.0,10.954828437576811
NESTLEIND,2016.0,9141.0,1001.0,10.95066185318893
HEROMOTOCO,2016.0,28457.0,3112.0,10.935797870471237
PIDILITIND,2023.0,11799.0,1289.0,10.924654631748453
IRFC,2015.0,6939.0,758.0,10.923764231157227
NTPC,2020.0,109464.0,11902.0,10.872981071402469
ZYDUSLIFE,2013.0,6358.0,690.0,10.85246932997798
CIPLA,2015.0,11345.0,1229.0,10.832966064345527
BANKBARODA,2022.0,73385.0,7933.0,10.810111058118144
GODREJCP,2014.0,7599.0,819.0,10.777733912356888
HAL,2018.0,18519.0,1987.0,10.729521032453155
BRITANNIA,2022.0,14136.0,1516.0,10.724391624221845
GAIL,2021.0,57372.0,6143.0,10.70731367217458
ULTRACEMCO,2017.0,25375.0,2714.0,10.695566502463054
ULTRACEMCO,2014.0,20730.0,2213.0,10.675349734684032
PIDILITIND,2015.0,4844.0,514.0,10.611065235342693
UNITDSPR,2023.0,10612.0,1126.0,10.610629476064833
ASIANPAINT,2022.0,29101.0,3085.0,10.60101027456101
NAUKRI,2014.0,567.0,60.0,10.582010582010582
TECHM,2020.0,36868.0,3897.0,10.570142128675274
ONGC,2016.0,124036.0,13102.0,10.563062336740945
VEDL,2019.0,92048.0,9698.0,10.535807404832262
PIDILITIND,2014.0,4283.0,450.0,10.506654214335747
UNIONBANK,2023.0,81163.0,8512.0,10.48753742468859
ASIANPAINT,2015.0,13615.0,1427.0,10.481087036356959
BRITANNIA,2019.0,11055.0,1155.0,10.44776119402985
GRASIM,2014.0,28331.0,2954.0,10.42674102573153
AXISBANK,2021.0,63346.0,6588.0,10.400025258106274
ICICIGI,2020.0,11517.0,1194.0,10.367283146652774
ASIANPAINT,2014.0,12220.0,1263.0,10.335515548281506
BOSCHLTD,2022.0,11782.0,1217.0,10.329315905618742
ONGC,2017.0,282506.0,29169.0,10.325090440557014
IRFC,2017.0,9047.0,934.0,10.323864264397038
SIEMENS,2017.0,11065.0,1137.0,10.275643922277451
AMBUJACEM,2019.0,27104.0,2783.0,10.267857142857142
DRREDDY,2021.0,19048.0,1952.0,10.247795044099119
HEROMOTOCO,2019.0,33971.0,3466.0,10.202820052397634
JSWENERGY,2013.0,8870.0,901.0,10.15783540022548
DRREDDY,2022.0,21545.0,2182.0,10.127639823624971
BRITANNIA,2018.0,9914.0,1004.0,10.127092999798265
BOSCHLTD,2013.0,8757.0,885.0,10.106200753682767
ONGC,2022.0,491246.0,49294.0,10.03448374134344
SIEMENS,2023.0,19554.0,1962.0,10.03375268487266
CIPLA,2016.0,13790.0,1383.0,10.029006526468455
GRASIM,2016.0,34487.0,3455.0,10.018267753066374
ABB,2015.0,2289.0,229.0,10.004368719965049
HAVELLS,2021.0,10457.0,1044.0,9.983742947308023
HEROMOTOCO,2024.0,37789.0,3742.0,9.902352536452407
ULTRACEMCO,2024.0,70908.0,7004.0,9.877587860326056
MARUTI,2018.0,79809.0,7881.0,9.874826147426981
GODREJCP,2016.0,8424.0,831.0,9.864672364672366
JSWSTEEL,2021.0,79839.0,7873.0,9.861095454602388
ULTRACEMCO,2016.0,25153.0,2480.0,9.859658887607841
VEDL,2023.0,147308.0,14503.0,9.845358025361826
JINDALSTEL,2014.0,19286.0,1896.0,9.830965467178263
BRITANNIA,2016.0,8397.0,825.0,9.824937477670597
RELIANCE,2017.0,303954.0,29833.0,9.81497200234246
TECHM,2017.0,29141.0,2851.0,9.783466593459387
INDUSINDBK,2021.0,29000.0,2836.0,9.779310344827588
BRITANNIA,2017.0,9054.0,885.0,9.774685222001326
RELIANCE,2022.0,694673.0,67845.0,9.76646566082171
ABB,2016.0,2614.0,255.0,9.755164498852334
INDIGO,2018.0,23021.0,2242.0,9.738934016767299
TATAPOWER,2018.0,26840.0,2611.0,9.728017883755587
GRASIM,2020.0,68252.0,6639.0,9.727187481685519
NTPC,2023.0,176207.0,17121.0,9.716413082340656
ICICIGI,2023.0,17876.0,1729.0,9.672186171402998
ONGC,2024.0,591396.0,57101.0,9.655290194725701
ADANIENSOL,2023.0,13293.0,1281.0,9.636650868878357
SUNPHARMA,2018.0,26489.0,2542.0,9.596436256559326
TATACONSUM,2023.0,13783.0,1320.0,9.577015163607342
SIEMENS,2022.0,16138.0,1543.0,9.561283926137069
MARUTI,2016.0,57589.0,5497.0,9.54522565073191
ABB,2017.0,2903.0,277.0,9.541853255253187
BOSCHLTD,2023.0,14929.0,1424.0,9.538482148837831
ADANIGREEN,2022.0,5133.0,489.0,9.526592635885448
MARUTI,2024.0,141858.0,13488.0,9.50809964894472
LT,2021.0,135979.0,12921.0,9.502202545981364
HEROMOTOCO,2021.0,30959.0,2936.0,9.483510449303918
GRASIM,2023.0,117627.0,11078.0,9.417905752930874
IRFC,2013.0,5550.0,522.0,9.405405405405405
ICICIGI,2019.0,11163.0,1049.0,9.39711547075159
M&M,2023.0,121269.0,11374.0,9.379148834409454
ICICIGI,2024.0,20487.0,1919.0,9.366915605017816
INDIGO,2015.0,13925.0,1304.0,9.364452423698385
CIPLA,2018.0,15156.0,1417.0,9.349432567959884
ICICIGI,2017.0,7520.0,702.0,9.335106382978724
RELIANCE,2018.0,390823.0,36080.0,9.231800584919515
GRASIM,2021.0,76404.0,6987.0,9.144809172294645
TORNTPHARM,2022.0,8508.0,777.0,9.132581100141044
CIPLA,2019.0,16362.0,1492.0,9.118689646742451
TECHM,2023.0,53290.0,4857.0,9.11428035278664
DRREDDY,2017.0,14196.0,1292.0,9.101155255001409
ULTRACEMCO,2015.0,23306.0,2102.0,9.019136702994937
INDIGO,2017.0,18580.0,1659.0,8.928955866523143
MARUTI,2019.0,86068.0,7651.0,8.889482734581959
JSWSTEEL,2019.0,84757.0,7524.0,8.877142890852673
BHEL,2014.0,39561.0,3502.0,8.852152372285838
BHARTIARTL,2023.0,139145.0,12287.0,8.830356822020196
M&M,2024.0,139078.0,12270.0,8.82238743726542
GAIL,2018.0,54496.0,4805.0,8.817160892542573
ICICIGI,2013.0,4012.0,353.0,8.798604187437686
BANKBARODA,2015.0,44915.0,3950.0,8.794389402204164
CANBK,2013.0,34070.0,2995.0,8.790724977986498
RELIANCE,2024.0,899041.0,79020.0,8.789365557299389
JSWENERGY,2014.0,8648.0,760.0,8.788159111933396
ABB,2012.0,1653.0,145.0,8.771929824561402
BRITANNIA,2015.0,7858.0,689.0,8.768134385339781
SUNPHARMA,2022.0,38654.0,3389.0,8.767527293423708
CIPLA,2020.0,17132.0,1500.0,8.755545178613122
TATAPOWER,2019.0,29881.0,2606.0,8.721261001974499
CANBK,2022.0,70614.0,6158.0,8.720650295975302
ABB,2014.0,2276.0,198.0,8.699472759226714
M&M,2018.0,92094.0,7958.0,8.641170977479531
DLF,2017.0,8221.0,708.0,8.612090986497993
GAIL,2019.0,76190.0,6553.0,8.600866255414097
SBIN,2021.0,278115.0,23888.0,8.589252647286195
HEROMOTOCO,2015.0,27538.0,2364.0,8.584501416224853
DLF,2013.0,7773.0,667.0,8.580985462498392
HAVELLS,2022.0,13938.0,1196.0,8.58085808580858
SBIN,2015.0,207974.0,17832.0,8.574148691663382
GAIL,2013.0,50974.0,4367.0,8.567112645662494
AMBUJACEM,2015.0,9437.0,808.0,8.562043022146868
INDIGO,2013.0,9203.0,787.0,8.551559274149733
UNIONBANK,2013.0,25169.0,2146.0,8.52636179427073
LODHA,2016.0,8249.0,703.0,8.522245120620681
AXISBANK,2019.0,54986.0,4677.0,8.505801476739535
JSWSTEEL,2018.0,71933.0,6113.0,8.49818581179709
VBL,2021.0,8823.0,746.0,8.455173977105293
SHREECEM,2022.0,15010.0,1269.0,8.454363757495004
RELIANCE,2023.0,876396.0,74088.0,8.45371270521545
ZYDUSLIFE,2020.0,14253.0,1204.0,8.447344418718867
SHREECEM,2024.0,20521.0,1733.0,8.445007553238145
ICICIGI,2016.0,6033.0,507.0,8.403779214321233
SIEMENS,2019.0,13084.0,1099.0,8.399571996331396
PNB,2024.0,109065.0,9157.0,8.395910695456838
UNITDSPR,2022.0,9712.0,811.0,8.350494233937397
HEROMOTOCO,2014.0,25275.0,2102.0,8.316518298714143
AXISBANK,2017.0,44542.0,3679.0,8.259620133806294
COALINDIA,2018.0,85244.0,7038.0,8.25629956360565
SIEMENS,2021.0,13198.0,1089.0,8.25125018942264
AMBUJACEM,2017.0,23609.0,1945.0,8.238383667245541
LODHA,2018.0,9677.0,794.0,8.20502221762943
HEROMOTOCO,2023.0,34158.0,2800.0,8.197201241290474
PNB,2014.0,44958.0,3674.0,8.172071711375061
TATACONSUM,2022.0,12425.0,1015.0,8.169014084507042
TATACONSUM,2018.0,6815.0,556.0,8.158473954512106
HAVELLS,2018.0,8116.0,661.0,8.144406111384919
HAVELLS,2013.0,7135.0,581.0,8.142957252978276
GRASIM,2015.0,31734.0,2582.0,8.136383689418288
PFC,2017.0,27581.0,2236.0,8.107030201950618
SHREECEM,2019.0,12555.0,1015.0,8.084428514536041
ONGC,2018.0,322706.0,26068.0,8.077940912161534
TITAN,2023.0,40575.0,3274.0,8.069008009858287
HAVELLS,2017.0,6130.0,494.0,8.05872756933116
ONGC,2019.0,421624.0,33938.0,8.049352029296244
M&M,2022.0,90171.0,7253.0,8.043606037417796
APOLLOHOSP,2013.0,3769.0,303.0,8.039267710267975
EICHERMOT,2014.0,8738.0,702.0,8.033875028610666
ULTRACEMCO,2023.0,63240.0,5073.0,8.021821631878558
TATACONSUM,2021.0,11602.0,930.0,8.015859334597483
TATACONSUM,2024.0,15206.0,1215.0,7.9902669998684726
ICICIGI,2022.0,16026.0,1271.0,7.93086234868339
ICICIPRULI,2016.0,20849.0,1650.0,7.91404863542616
ICICIBANK,2019.0,71982.0,5689.0,7.903364730071407
HEROMOTOCO,2022.0,29551.0,2329.0,7.881289973266556
SBIN,2020.0,269852.0,21140.0,7.833923780442613
SBIN,2014.0,189062.0,14807.0,7.831822365150057
HAVELLS,2019.0,10073.0,788.0,7.822892881961679
HAVELLS,2020.0,9440.0,735.0,7.786016949152542
AMBUJACEM,2023.0,38937.0,3024.0,7.766391863779952
GAIL,2014.0,61765.0,4786.0,7.7487250060714
SIEMENS,2020.0,9946.0,769.0,7.7317514578725115
UNIONBANK,2022.0,68230.0,5265.0,7.71654697347208
EICHERMOT,2013.0,6810.0,525.0,7.709251101321586
ADANIENSOL,2019.0,7305.0,559.0,7.652292950034223
TITAN,2022.0,28799.0,2198.0,7.632209451717073
UNITDSPR,2018.0,8591.0,652.0,7.58933767896636
GRASIM,2024.0,130978.0,9926.0,7.578371940325857
ICICIPRULI,2013.0,20025.0,1515.0,7.5655430711610485
APOLLOHOSP,2022.0,14663.0,1108.0,7.556434563186251
LT,2019.0,135220.0,10217.0,7.555834935660405
JSWENERGY,2017.0,8263.0,623.0,7.53963451530921
BPCL,2021.0,230171.0,17320.0,7.524840227483046
MARUTI,2020.0,75660.0,5678.0,7.504625958234206
MARUTI,2015.0,50801.0,3809.0,7.49788389992323
LT,2020.0,145452.0,10894.0,7.489756070731238
JSWENERGY,2019.0,9138.0,684.0,7.485226526592252
JINDALSTEL,2023.0,53212.0,3974.0,7.468240246560925
EICHERMOT,2012.0,6390.0,475.0,7.433489827856025
GAIL,2024.0,133228.0,9903.0,7.433122166511544
LODHA,2017.0,7926.0,584.0,7.368155437799646
UNITDSPR,2019.0,9341.0,684.0,7.322556471469864
TATAMOTORS,2024.0,437928.0,31807.0,7.263066074788551
SIEMENS,2011.0,11955.0,868.0,7.26056043496445
PNB,2015.0,48710.0,3525.0,7.236707041675221
APOLLOHOSP,2014.0,4357.0,315.0,7.229745237548772
ADANIENSOL,2024.0,16607.0,1196.0,7.201782380923707
CIPLA,2017.0,14394.0,1035.0,7.190496040016674
ULTRACEMCO,2018.0,30979.0,2224.0,7.179056780399626
TITAN,2013.0,10123.0,725.0,7.161908525140769
BHARTIARTL,2016.0,96532.0,6893.0,7.140637301620188
AMBUJACEM,2016.0,20094.0,1434.0,7.136458644371454
ICICIPRULI,2014.0,21888.0,1561.0,7.131761695906433
BHARTIARTL,2022.0,116547.0,8305.0,7.125880546045801
DLF,2014.0,8298.0,590.0,7.1101470233791275
LT,2013.0,74426.0,5291.0,7.1090747856931715
TITAN,2020.0,21052.0,1493.0,7.091962758882767
SIEMENS,2018.0,12795.0,901.0,7.041813208284486
HINDALCO,2022.0,195059.0,13730.0,7.038895923797416
LT,2024.0,221113.0,15547.0,7.031246466738726
ONGC,2021.0,303849.0,21360.0,7.029807568891126
TITAN,2019.0,19779.0,1389.0,7.022599726983164
RELIANCE,2019.0,568337.0,39837.0,7.00939759332931
MARUTI,2023.0,118410.0,8264.0,6.9791402753145855
TATAPOWER,2024.0,61449.0,4280.0,6.965125551270159
M&M,2014.0,74001.0,5154.0,6.964770746341266
GAIL,2017.0,48552.0,3374.0,6.949250288350635
TATAPOWER,2023.0,55109.0,3810.0,6.913571285996843
NESTLEIND,2015.0,8175.0,563.0,6.886850152905198
TITAN,2015.0,11913.0,816.0,6.849660035255603
TITAN,2024.0,51084.0,3496.0,6.843630099444054
HAVELLS,2024.0,18590.0,1271.0,6.837009144701453
TITAN,2018.0,16120.0,1102.0,6.836228287841191
LT,2023.0,183341.0,12531.0,6.834805089968965
SHREECEM,2015.0,6259.0,426.0,6.806199073334398
SUNPHARMA,2021.0,33498.0,2272.0,6.782494477282226
CANBK,2014.0,39570.0,2672.0,6.7525903462218855
TITAN,2014.0,10927.0,735.0,6.726457399103139
TATACONSUM,2017.0,6780.0,455.0,6.710914454277287
CANBK,2015.0,43813.0,2931.0,6.689795266245178
LT,2018.0,119683.0,8004.0,6.687666585897746
RELIANCE,2020.0,596679.0,39880.0,6.683660728800578
UNITDSPR,2020.0,9325.0,621.0,6.659517426273459
LT,2022.0,156521.0,10419.0,6.656614767347513
DRREDDY,2018.0,14281.0,947.0,6.631188292136406
DLF,2015.0,7649.0,507.0,6.628317427114655
VBL,2019.0,7130.0,472.0,6.6199158485273495
BOSCHLTD,2020.0,9842.0,650.0,6.604348709611868
GRASIM,2018.0,55894.0,3688.0,6.598203742798869
TATACONSUM,2014.0,7738.0,510.0,6.590850348927371
APOLLOHOSP,2015.0,5129.0,335.0,6.531487619418989
MARUTI,2014.0,44542.0,2854.0,6.407435678685286
HAVELLS,2023.0,16911.0,1072.0,6.3390692448702035
RELIANCE,2015.0,374372.0,23640.0,6.314574807945039
TATACONSUM,2019.0,7252.0,457.0,6.301709873138445
MARUTI,2021.0,70372.0,4389.0,6.236855567555278
JSWSTEEL,2017.0,55604.0,3467.0,6.235162937918135
ADANIENSOL,2020.0,11416.0,706.0,6.184302733006307
TATACONSUM,2013.0,7351.0,445.0,6.0535981499115765
TATAMOTORS,2014.0,232834.0,14050.0,6.034342063444342
M&M,2013.0,68693.0,4129.0,6.010801682849781
BPCL,2024.0,448083.0,26859.0,5.994201967046283
TITAN,2016.0,11276.0,675.0,5.9861653068464
IOC,2021.0,363950.0,21762.0,5.9793927737326555
LODHA,2020.0,12443.0,742.0,5.96319215623242
LT,2017.0,109312.0,6486.0,5.933474824355972
SBIN,2016.0,220633.0,13019.0,5.900749207960731
VBL,2018.0,5105.0,300.0,5.8765915768854065
ADANIGREEN,2021.0,3124.0,182.0,5.8258642765685025
ULTRACEMCO,2019.0,41462.0,2400.0,5.788432781824321
TATASTEEL,2019.0,157669.0,9122.0,5.785538057576315
M&M,2019.0,104721.0,6017.0,5.745743451647711
LT,2014.0,85054.0,4885.0,5.743410068897406
UNIONBANK,2014.0,29394.0,1687.0,5.739266516976254
IOC,2017.0,355379.0,20385.0,5.736129596852938
BRITANNIA,2014.0,6913.0,395.0,5.713872414291914
BHARTIARTL,2024.0,149982.0,8558.0,5.706018055499993
TORNTPHARM,2019.0,7673.0,436.0,5.682262478821843
TRENT,2015.0,2284.0,129.0,5.64798598949212
SIEMENS,2014.0,10678.0,603.0,5.6471249297621275
MARUTI,2013.0,44304.0,2470.0,5.575117370892019
IOC,2024.0,776352.0,43161.0,5.559462717942377
DMART,2023.0,42840.0,2378.0,5.550887021475257
HAVELLS,2014.0,8051.0,446.0,5.539684511240839
VBL,2020.0,6450.0,357.0,5.534883720930233
UNIONBANK,2015.0,32164.0,1771.0,5.506155950752394
LT,2015.0,91929.0,4966.0,5.401995017894244
IOC,2018.0,421492.0,22626.0,5.36807341539104
DMART,2018.0,15033.0,806.0,5.361537949843678
TATAMOTORS,2015.0,263159.0,14073.0,5.347717539586334
VBL,2017.0,4004.0,214.0,5.344655344655345
JSWSTEEL,2020.0,73326.0,3919.0,5.344625371628072
TATAMOTORS,2013.0,188793.0,9976.0,5.284094219595007
HINDALCO,2018.0,115183.0,6083.0,5.281161282480921
RELIANCE,2013.0,395957.0,20886.0,5.274815194579209
TITAN,2017.0,13261.0,697.0,5.256013875273358
BHARTIARTL,2015.0,96101.0,5048.0,5.252806942695706
VEDL,2024.0,143727.0,7539.0,5.245360996889937
TATASTEEL,2021.0,156294.0,8190.0,5.240124380974318
DMART,2020.0,24870.0,1301.0,5.231202251708886
GAIL,2015.0,60557.0,3160.0,5.21822415245141
RELIANCE,2014.0,433521.0,22548.0,5.2011321250873666
ONGC,2023.0,632291.0,32778.0,5.184005465837723
LODHA,2023.0,9470.0,490.0,5.174234424498416
JSWSTEEL,2024.0,175006.0,8973.0,5.127252779904689
PNB,2022.0,76242.0,3908.0,5.125783688780462
MOTHERSON,2017.0,42376.0,2172.0,5.12554276005286
APOLLOHOSP,2023.0,16612.0,844.0,5.080664579821816
ICICIPRULI,2020.0,21025.0,1067.0,5.074910820451843
TATAPOWER,2022.0,42816.0,2156.0,5.035500747384155
DMART,2024.0,50789.0,2536.0,4.993207190533383
BOSCHLTD,2021.0,9718.0,482.0,4.959868285655484
APOLLOHOSP,2024.0,19059.0,935.0,4.905818773282963
ADANIPOWER,2021.0,26221.0,1270.0,4.84344609282636
LICI,2024.0,845966.0,40916.0,4.836600998148862
M&M,2017.0,83773.0,4051.0,4.83568691583207
DMART,2022.0,30976.0,1492.0,4.8166322314049586
ADANIENT,2014.0,54947.0,2646.0,4.815549529546654
TRENT,2023.0,8242.0,394.0,4.780393108468818
TATACONSUM,2020.0,9637.0,460.0,4.77326968973747
MOTHERSON,2016.0,37216.0,1774.0,4.766766981943251
ICICIPRULI,2015.0,34453.0,1640.0,4.760107973180855
M&M,2015.0,71448.0,3381.0,4.732112865300638
BPCL,2017.0,201251.0,9507.0,4.723951682227666
HINDALCO,2024.0,215962.0,10155.0,4.702216130615571
TRENT,2017.0,1812.0,85.0,4.690949227373068
M&M,2016.0,75841.0,3554.0,4.686119645046874
BHEL,2015.0,31323.0,1450.0,4.629186220987772
TECHM,2024.0,51996.0,2397.0,4.60996999769213
LICI,2023.0,784628.0,35997.0,4.5877791768838225
DMART,2021.0,24143.0,1099.0,4.5520440707451435
HAVELLS,2015.0,8468.0,385.0,4.546528105810109
TVSMOTOR,2024.0,39145.0,1779.0,4.544641716694342
LT,2016.0,101122.0,4592.0,4.541049425446491
HINDALCO,2023.0,223202.0,10097.0,4.523704984722359
TATAPOWER,2020.0,29136.0,1316.0,4.516749038989566
DMART,2019.0,20005.0,902.0,4.508872781804548
HDFCLIFE,2016.0,18141.0,817.0,4.503610605810043
TITAN,2021.0,21644.0,974.0,4.500092404361486
UNITDSPR,2021.0,8131.0,362.0,4.452096913048825
ICICIPRULI,2017.0,37816.0,1682.0,4.447852760736196
BHARTIARTL,2017.0,95468.0,4241.0,4.442326224494071
HDFCLIFE,2020.0,29380.0,1297.0,4.414567733151804
TATAPOWER,2021.0,32703.0,1439.0,4.400207931994006
MARUTI,2022.0,88330.0,3880.0,4.3926185893807315
SBILIFE,2016.0,19324.0,844.0,4.367625750362244
IOC,2022.0,589321.0,25727.0,4.365532536597202
BPCL,2016.0,187815.0,8089.0,4.306897745121529
TATAMOTORS,2016.0,273046.0,11678.0,4.276935021937695
INDIGO,2014.0,11117.0,474.0,4.263740217684627
SBILIFE,2013.0,14870.0,630.0,4.236718224613315
HDFCLIFE,2014.0,17166.0,725.0,4.223464988931609
SBILIFE,2014.0,17258.0,728.0,4.218333526480473
HINDALCO,2019.0,130542.0,5495.0,4.209373228539474
CANBK,2021.0,70253.0,2957.0,4.2090729221527905
BRITANNIA,2013.0,6185.0,260.0,4.203718674211803
BANKBARODA,2017.0,44473.0,1855.0,4.171070087468801
ICICIPRULI,2018.0,38832.0,1619.0,4.169241862381541
UNIONBANK,2016.0,32316.0,1347.0,4.168213887857409
BPCL,2018.0,235895.0,9792.0,4.150999385319739
UNIONBANK,2021.0,69311.0,2863.0,4.130657471397036
TVSMOTOR,2023.0,31974.0,1309.0,4.093951335460061
TVSMOTOR,2017.0,12463.0,509.0,4.084088903153334
TVSMOTOR,2018.0,16340.0,665.0,4.069767441860465
TRENT,2018.0,2157.0,87.0,4.033379694019471
DMART,2017.0,11898.0,479.0,4.025886703647672
MOTHERSON,2018.0,56303.0,2260.0,4.013995701827612
TATAPOWER,2017.0,27588.0,1100.0,3.9872408293460926
PNB,2023.0,86845.0,3359.0,3.8678104669238302
GAIL,2023.0,145668.0,5596.0,3.841612433753467
APOLLOHOSP,2020.0,11247.0,432.0,3.841024273139504
APOLLOHOSP,2016.0,6150.0,235.0,3.8211382113821135
TVSMOTOR,2016.0,11377.0,429.0,3.7707655796782986
HINDALCO,2013.0,80193.0,3007.0,3.749703839487237
DMART,2016.0,8584.0,320.0,3.727865796831314
MOTHERSON,2015.0,34661.0,1292.0,3.7275323851014104
TRENT,2019.0,2630.0,95.0,3.6121673003802277
MOTHERSON,2014.0,30414.0,1097.0,3.6068915630959424
GAIL,2016.0,52053.0,1874.0,3.6001767429350853
TVSMOTOR,2019.0,20160.0,725.0,3.5962301587301586
IOC,2016.0,346045.0,12413.0,3.587105723244087
ADANIENT,2015.0,64465.0,2298.0,3.564725044597844
GRASIM,2019.0,77200.0,2745.0,3.5556994818652847
BHARTIARTL,2014.0,85864.0,3019.0,3.516025342401938
SBILIFE,2015.0,23399.0,815.0,3.4830548314030514
ADANIENT,2024.0,96421.0,3335.0,3.458790097592848
DMART,2014.0,4686.0,161.0,3.4357661118224496
TVSMOTOR,2020.0,18849.0,647.0,3.4325428404689906
HDFCLIFE,2018.0,32260.0,1107.0,3.4314941103533787
TATACONSUM,2015.0,7993.0,273.0,3.415488552483423
CANBK,2017.0,41457.0,1411.0,3.403526545577345
SBILIFE,2018.0,34068.0,1150.0,3.3756017377010687
BPCL,2022.0,346791.0,11682.0,3.3685995311297003
VBL,2015.0,3394.0,113.0,3.3294048320565706
TATASTEEL,2023.0,243353.0,8075.0,3.3182249653795104
MOTHERSON,2019.0,63523.0,2098.0,3.3027407395746424
DMART,2015.0,6439.0,212.0,3.292436713775431
BHEL,2019.0,30441.0,1002.0,3.2916132847146935
PNB,2021.0,81935.0,2695.0,3.289192652712516
HDFCLIFE,2019.0,38855.0,1278.0,3.289151975292755
IOC,2019.0,528158.0,17274.0,3.2706122031664764
TRENT,2016.0,1686.0,55.0,3.262158956109134
JSWSTEEL,2015.0,52972.0,1722.0,3.2507739938080498
SBILIFE,2020.0,43798.0,1422.0,3.246723594684689
TVSMOTOR,2015.0,10256.0,328.0,3.1981279251170043
HINDALCO,2020.0,118144.0,3767.0,3.188481852654388
HDFCLIFE,2013.0,14060.0,447.0,3.1792318634423897
TVSMOTOR,2021.0,19421.0,608.0,3.1306317903300553
SBILIFE,2017.0,30548.0,955.0,3.1262275762734055
TATAMOTORS,2018.0,291550.0,9091.0,3.1181615503344196
DLF,2016.0,9926.0,305.0,3.07273826314729
MOTHERSON,2024.0,98692.0,3020.0,3.0600251286831757
TRENT,2020.0,3486.0,106.0,3.040734366035571
TVSMOTOR,2022.0,24355.0,731.0,3.0014370765756517
SBILIFE,2019.0,44604.0,1327.0,2.9750695004932295
BHARTIARTL,2013.0,76947.0,2267.0,2.9461837368578374
ADANIENT,2016.0,34008.0,1000.0,2.9404845918607387
ZOMATO,2024.0,12114.0,351.0,2.8974739970282317
HDFCLIFE,2017.0,30647.0,887.0,2.8942473977877117
HDFCLIFE,2015.0,27215.0,786.0,2.8881131728826013
ONGC,2020.0,396728.0,11456.0,2.8876207376338447
BPCL,2019.0,298226.0,8528.0,2.859576294488073
DMART,2013.0,3341.0,94.0,2.8135288835677943
TATAMOTORS,2017.0,269693.0,7557.0,2.8020749518897414
BHEL,2023.0,23365.0,654.0,2.7990584207147444
ICICIPRULI,2019.0,41463.0,1139.0,2.747027470274703
MOTHERSON,2021.0,57370.0,1569.0,2.7348788565452327
TATAPOWER,2016.0,29494.0,786.0,2.664948803146403
ADANIENT,2021.0,39537.0,1046.0,2.645623087234742
BHARTIARTL,2018.0,82639.0,2184.0,2.6428199760403683
HINDALCO,2021.0,132008.0,3483.0,2.6384764559723655
TVSMOTOR,2013.0,7510.0,198.0,2.6364846870838883
ADANIENT,2013.0,46375.0,1218.0,2.6264150943396225
AXISBANK,2020.0,62635.0,1627.0,2.5975892073122058
PNB,2017.0,48058.0,1239.0,2.578134753839111
ADANIENT,2017.0,36533.0,925.0,2.5319574083705145
HINDALCO,2014.0,87695.0,2195.0,2.5029933291521753
JSWSTEEL,2023.0,165960.0,4139.0,2.4939744516751023
TATASTEEL,2014.0,148614.0,3665.0,2.466120284764558
JSWSTEEL,2013.0,38210.0,929.0,2.431300706621303
ADANIENT,2020.0,43403.0,1040.0,2.3961477317236133
TVSMOTOR,2014.0,8384.0,187.0,2.23043893129771
BANKBARODA,2019.0,52906.0,1166.0,2.203908819415567
BANKBARODA,2021.0,74314.0,1620.0,2.1799391770056786
ADANIPOWER,2016.0,25377.0,551.0,2.171257437837412
SBILIFE,2023.0,80636.0,1721.0,2.1342824544868297
MOTHERSON,2020.0,60729.0,1294.0,2.1307777174002536
MOTHERSON,2023.0,78788.0,1670.0,2.119612123673656
BHEL,2022.0,21211.0,445.0,2.0979680354533023
BPCL,2015.0,242598.0,5082.0,2.0948235352311233
BHARTIARTL,2019.0,80780.0,1688.0,2.0896261450854174
APOLLOHOSP,2019.0,9617.0,200.0,2.0796506186960593
M&M,2021.0,74278.0,1512.0,2.035596004200436
HDFCLIFE,2022.0,67126.0,1327.0,1.976879301611894
HDFCLIFE,2023.0,70207.0,1368.0,1.9485236514877435
HDFCLIFE,2021.0,71528.0,1361.0,1.9027513700928307
ADANIENT,2023.0,127540.0,2422.0,1.899012074643249
HINDALCO,2017.0,100184.0,1882.0,1.8785434799968057
MOTHERSON,2022.0,63774.0,1182.0,1.8534198889829712
SBILIFE,2022.0,82983.0,1506.0,1.8148295434004555
APOLLOHOSP,2017.0,7256.0,131.0,1.8054024255788312
MOTHERSON,2013.0,25298.0,452.0,1.7867025061269666
SBILIFE,2021.0,81913.0,1456.0,1.7774956356133946
UNIONBANK,2017.0,32817.0,573.0,1.7460462565133925
UNITDSPR,2016.0,8495.0,143.0,1.683343143025309
ADANIENT,2018.0,35924.0,594.0,1.653490702594366
ICICIPRULI,2023.0,50478.0,813.0,1.6106026387733272
BHEL,2017.0,28465.0,455.0,1.5984542420516425
HDFCLIFE,2024.0,101482.0,1574.0,1.5510139729213062
BPCL,2014.0,264421.0,4053.0,1.5327829484042492
BHEL,2018.0,28827.0,438.0,1.5194088875013008
CANBK,2019.0,47951.0,696.0,1.4514817209234425
SBILIFE,2024.0,131988.0,1894.0,1.4349789374791648
IOC,2014.0,488345.0,6967.0,1.4266553358793475
IOC,2023.0,841756.0,11704.0,1.3904266794653084
VBL,2012.0,1800.0,25.0,1.3888888888888888
TATAPOWER,2015.0,33593.0,457.0,1.3604024647992141
SBIN,2019.0,253322.0,3351.0,1.322822336788751
APOLLOHOSP,2021.0,10560.0,137.0,1.2973484848484849
BPCL,2020.0,284572.0,3666.0,1.2882504251999494
ADANIENT,2019.0,40379.0,506.0,1.2531266252259838
BANKBARODA,2020.0,78895.0,981.0,1.2434248051207302
VBL,2016.0,3861.0,48.0,1.2432012432012431
ICICIPRULI,2022.0,63564.0,759.0,1.194072116292241
BHEL,2024.0,23893.0,282.0,1.180262001423011
ICICIPRULI,2021.0,83182.0,956.0,1.1492871053833762
ADANIENT,2022.0,69420.0,788.0,1.135119562085854
IOC,2015.0,449507.0,4872.0,1.0838540890353208
JSWENERGY,2018.0,8049.0,85.0,1.0560318051931916
UNITDSPR,2017.0,8818.0,93.0,1.0546609208437288
ICICIPRULI,2024.0,90307.0,851.0,0.942341125272681
PNB,2020.0,54918.0,485.0,0.883134855602899
LODHA,2021.0,5449.0,48.0,0.8808955771701229
TATASTEEL,2020.0,139817.0,1174.0,0.8396689959017859
BPCL,2013.0,242181.0,1936.0,0.7994021000821699
IOC,2013.0,461780.0,3627.0,0.7854389536142752
JSWSTEEL,2014.0,51220.0,402.0,0.7848496680983992
TRENT,2022.0,4498.0,35.0,0.7781236104935527
TATAMOTORS,2023.0,345967.0,2690.0,0.7775308049611668
APOLLOHOSP,2018.0,8243.0,60.0,0.7278903311901006
AXISBANK,2018.0,45780.0,276.0,0.6028833551769331
LICI,2022.0,723606.0,4125.0,0.5700616081127022
INDIGO,2019.0,28497.0,156.0,0.547426044846826
LICI,2019.0,571508.0,2627.0,0.4596611071061123
BPCL,2023.0,473187.0,2131.0,0.45035049568141133
LICI,2020.0,628043.0,2710.0,0.43149911709867
LICI,2021.0,690914.0,2974.0,0.43044431000095523
TATAPOWER,2013.0,33177.0,123.0,0.37073876480694457
HINDALCO,2015.0,104281.0,259.0,0.248367391950595
TATAPOWER,2014.0,35726.0,12.0,0.033588982813637126
SBIN,2017.0,230447.0,-97.0,-0.042092107946729615
IOC,2020.0,483763.0,-1876.0,-0.3877931962551911
M&M,2020.0,75382.0,-321.0,-0.4258311002626622
TATASTEEL,2016.0,101965.0,-497.0,-0.4874221546609131
TATACONSUM,2016.0,6637.0,-37.0,-0.5574807895133344
INDIGO,2023.0,54446.0,-317.0,-0.582228262865959
INDIGO,2020.0,35756.0,-248.0,-0.69358988701197
HINDALCO,2016.0,98759.0,-702.0,-0.7108212922366569
VBL,2014.0,2502.0,-20.0,-0.7993605115907274
TRENT,2014.0,2333.0,-19.0,-0.8144020574367767
UNITDSPR,2013.0,10378.0,-105.0,-1.0117556369242628
JINDALSTEL,2020.0,37923.0,-400.0,-1.0547688737705352
JSWSTEEL,2016.0,41546.0,-481.0,-1.1577528522601455
INDIGO,2022.0,25931.0,-317.0,-1.2224750298870077
TRENT,2013.0,2132.0,-27.0,-1.2664165103189493
SBIN,2018.0,228970.0,-3749.0,-1.6373324016246669
VBL,2013.0,2115.0,-40.0,-1.8912529550827424
ADANIPOWER,2014.0,15328.0,-291.0,-1.8984864300626305
NAUKRI,2015.0,732.0,-14.0,-1.912568306010929
TATASTEEL,2024.0,229171.0,-4910.0,-2.1425049417247384
ADANIGREEN,2020.0,2549.0,-68.0,-2.6677128285602194
BHEL,2016.0,25505.0,-706.0,-2.768084689276612
TATASTEEL,2015.0,139504.0,-3939.0,-2.8235749512558783
NAUKRI,2023.0,2346.0,-70.0,-2.9838022165387894
TATASTEEL,2017.0,112299.0,-4169.0,-3.712410618082084
CANBK,2020.0,49759.0,-1921.0,-3.8606081311923472
GODREJCP,2024.0,14096.0,-561.0,-3.9798524404086266
BANKBARODA,2018.0,46056.0,-1836.0,-3.986451276706618
TATAMOTORS,2022.0,278454.0,-11309.0,-4.061353042154179
ADANIPOWER,2019.0,23884.0,-984.0,-4.119912912409982
ADANIPOWER,2015.0,18683.0,-816.0,-4.367606915377617
TATAMOTORS,2020.0,261068.0,-11975.0,-4.586927543781696
NAUKRI,2017.0,888.0,-43.0,-4.842342342342342
JINDALSTEL,2018.0,33286.0,-1616.0,-4.85489394940816
JINDALSTEL,2019.0,46966.0,-2412.0,-5.135630030234638
ADANIENSOL,2015.0,131.0,-7.0,-5.343511450381679
TATAMOTORS,2021.0,249795.0,-13395.0,-5.362397165675854
TATASTEEL,2013.0,134712.0,-7272.0,-5.398182789951898
VEDL,2020.0,84447.0,-4744.0,-5.617724726751691
CANBK,2016.0,44039.0,-2535.0,-5.756261495492632
BHEL,2020.0,21463.0,-1468.0,-6.839677584680613
PNB,2016.0,50804.0,-3510.0,-6.908904810644831
TRENT,2021.0,2593.0,-181.0,-6.980331662167373
JINDALSTEL,2015.0,19401.0,-1452.0,-7.48415030153085
UNIONBANK,2020.0,37479.0,-3121.0,-8.327329971450679
UNIONBANK,2019.0,34314.0,-2922.0,-8.515474733344991
ADANIPOWER,2020.0,26468.0,-2275.0,-8.595284872298626
ADANIGREEN,2018.0,1480.0,-138.0,-9.324324324324325
ADANIGREEN,2017.0,502.0,-47.0,-9.362549800796813
CANBK,2018.0,41345.0,-3873.0,-9.367517233039061
TATAMOTORS,2019.0,301938.0,-28724.0,-9.513211321529585
DLF,2020.0,6083.0,-590.0,-9.699161597895776
ADANIPOWER,2018.0,20304.0,-2103.0,-10.35756501182033
BANKBARODA,2016.0,45799.0,-5033.0,-10.98932291098059
JINDALSTEL,2017.0,21603.0,-2538.0,-11.74836828218303
BHARTIARTL,2021.0,100616.0,-12364.0,-12.28830404707005
ZOMATO,2023.0,7079.0,-971.0,-13.7166266421811
VEDL,2015.0,73710.0,-11369.0,-15.423958757292091
BHEL,2021.0,17309.0,-2700.0,-15.59882142238142
UNIONBANK,2018.0,32952.0,-5212.0,-15.816945860645786
JINDALSTEL,2016.0,19469.0,-3087.0,-15.855976167240229
UNITDSPR,2015.0,9254.0,-1687.0,-18.22995461422088
PNB,2019.0,52147.0,-9550.0,-18.31361343893225
NAUKRI,2020.0,1312.0,-246.0,-18.75
ZOMATO,2018.0,466.0,-107.0,-22.96137339055794
ADANIGREEN,2019.0,2058.0,-475.0,-23.080660835762874
PNB,2018.0,48725.0,-12111.0,-24.855823499230375
ADANIPOWER,2017.0,22616.0,-6174.0,-27.299257163070394
VEDL,2016.0,64262.0,-17862.0,-27.795586816470074
ZOMATO,2022.0,4192.0,-1222.0,-29.150763358778626
ADANIPOWER,2013.0,6692.0,-2295.0,-34.294680215182304
BHARTIARTL,2020.0,87539.0,-30664.0,-35.02895852134477
ZOMATO,2021.0,1994.0,-816.0,-40.92276830491474
INDIGO,2021.0,14641.0,-6171.0,-42.14876033057851
UNITDSPR,2014.0,10508.0,-4489.0,-42.719832508564906
ZOMATO,2019.0,1313.0,-1010.0,-76.92307692307693
ZOMATO,2020.0,2605.0,-2386.0,-91.59309021113243
ADANIENSOL,2014.0,0.0,0.0,
