company_id,year,sales,operating_profit,opm_percentage
COALINDIA,2024.0,142324.0,94352.0,47971.0
COALINDIA,2023.0,138252.0,94020.0,44232.0
HDFCBANK,2023.0,170754.0,63042.0,29932.0
HINDALCO,2022.0,195059.0,166712.0,28347.0
COALINDIA,2019.0,99586.0,74579.0,25007.0
COALINDIA,2022.0,109715.0,84995.0,24721.0
HINDALCO,2024.0,215962.0,192090.0,23872.0
HINDALCO,2023.0,223202.0,200536.0,22666.0
COALINDIA,2020.0,96080.0,74500.0,21581.0
HDFCBANK,2022.0,135936.0,56557.0,20795.0
BAJFINANCE,2024.0,54972.0,16099.0,19987.0
COALINDIA,2016.0,77861.0,59147.0,18714.0
COALINDIA,2021.0,90026.0,71398.0,18628.0
COALINDIA,2013.0,68303.0,50216.0,18087.0
COALINDIA,2014.0,70608.0,52842.0,17766.0
HINDALCO,2021.0,132008.0,114449.0,17559.0
COALINDIA,2015.0,74120.0,56777.0,17343.0
HDFCBANK,2021.0,128552.0,52457.0,16848.0
HDFCBANK,2019.0,105161.0,34856.0,16592.0
INDIGO,2024.0,68904.0,52573.0,16331.0
BAJFINANCE,2023.0,41411.0,12693.0,16018.0
HINDALCO,2019.0,130542.0,115031.0,15511.0
HINDUNILVR,2024.0,61896.0,47237.0,14659.0
HDFCBANK,2020.0,122189.0,45459.0,14593.0
HINDALCO,2020.0,118144.0,103838.0,14306.0
HINDUNILVR,2023.0,60580.0,46433.0,14147.0
AXISBANK,2023.0,85164.0,29089.0,13857.0
HINDALCO,2018.0,115183.0,101488.0,13695.0
HDFCBANK,2018.0,85288.0,29532.0,13374.0
HINDUNILVR,2022.0,52446.0,39589.0,12857.0
COALINDIA,2017.0,78164.0,65716.0,12448.0
HINDALCO,2017.0,100184.0,87867.0,12317.0
AXISBANK,2024.0,109369.0,37943.0,11952.0
HINDUNILVR,2021.0,47028.0,35402.0,11626.0
HDFCBANK,2017.0,73271.0,23856.0,11374.0
BAJFINANCE,2022.0,31641.0,11880.0,9906.0
HINDUNILVR,2020.0,39783.0,29922.0,9861.0
COALINDIA,2018.0,85244.0,75956.0,9288.0
HDFCBANK,2016.0,63162.0,20055.0,9037.0
HINDUNILVR,2019.0,39310.0,30430.0,8880.0
HINDALCO,2015.0,104281.0,95437.0,8844.0
HINDALCO,2014.0,87695.0,79671.0,8024.0
HINDALCO,2016.0,98759.0,90981.0,7778.0
HINDALCO,2013.0,80193.0,72494.0,7699.0
BAJFINANCE,2020.0,26374.0,9159.0,7608.0
HINDUNILVR,2018.0,35545.0,28046.0,7499.0
HDFCBANK,2015.0,50666.0,16164.0,7214.0
INDIGO,2023.0,54446.0,47926.0,6521.0
BANKBARODA,2023.0,94503.0,38231.0,6329.0
HINDUNILVR,2017.0,33162.0,26834.0,6328.0
BAJFINANCE,2021.0,26673.0,10839.0,6314.0
BAJFINANCE,2019.0,18487.0,5454.0,6310.0
CIPLA,2024.0,25774.0,19483.0,6291.0
HINDUNILVR,2016.0,32186.0,26276.0,5910.0
HDFCBANK,2014.0,42555.0,13508.0,5602.0
HINDUNILVR,2015.0,31972.0,26560.0,5412.0
HEROMOTOCO,2018.0,32458.0,27124.0,5334.0
HEROMOTOCO,2024.0,37789.0,32554.0,5235.0
CIPLA,2023.0,22753.0,17726.0,5027.0
HEROMOTOCO,2019.0,33971.0,28946.0,5025.0
HINDUNILVR,2014.0,29234.0,24475.0,4759.0
HEROMOTOCO,2017.0,28610.0,24025.0,4585.0
CIPLA,2022.0,21763.0,17211.0,4553.0
CHOLAFIN,2024.0,19163.0,5385.0,4548.0
HEROMOTOCO,2016.0,28457.0,24033.0,4424.0
CIPLA,2021.0,19160.0,14907.0,4252.0
HINDUNILVR,2013.0,27004.0,22784.0,4220.0
BANKBARODA,2024.0,118379.0,44379.0,4102.0
HEROMOTOCO,2023.0,34158.0,30060.0,4099.0
HEROMOTOCO,2020.0,29254.0,25184.0,4070.0
INDIGO,2020.0,35756.0,31687.0,4069.0
HEROMOTOCO,2021.0,30959.0,26902.0,4058.0
BAJFINANCE,2018.0,12746.0,4115.0,3935.0
HEROMOTOCO,2014.0,25275.0,21722.0,3553.0
HDFCBANK,2013.0,35861.0,12631.0,3534.0
HEROMOTOCO,2015.0,27538.0,24018.0,3520.0
CHOLAFIN,2023.0,12884.0,3621.0,3515.0
AXISBANK,2016.0,40988.0,13367.0,3466.0
HEROMOTOCO,2022.0,29551.0,26295.0,3256.0
CIPLA,2020.0,17132.0,13926.0,3206.0
AXISBANK,2022.0,67377.0,29962.0,3170.0
INDIGO,2016.0,16140.0,12976.0,3164.0
CIPLA,2019.0,16362.0,13265.0,3097.0
AXISBANK,2015.0,35479.0,11127.0,3097.0
INDIGO,2018.0,23021.0,19991.0,3030.0
INDUSINDBK,2024.0,45748.0,17638.0,2978.0
CHOLAFIN,2022.0,10148.0,2926.0,2924.0
BAJFINANCE,2017.0,9970.0,3250.0,2867.0
CIPLA,2018.0,15156.0,12329.0,2826.0
ICICIGI,2024.0,20487.0,17910.0,2577.0
CIPLA,2017.0,14394.0,11898.0,2496.0
CIPLA,2016.0,13790.0,11310.0,2480.0
AXISBANK,2014.0,30641.0,9644.0,2307.0
INDIGO,2017.0,18580.0,16362.0,2219.0
CIPLA,2013.0,8279.0,6065.0,2214.0
CIPLA,2015.0,11345.0,9183.0,2163.0
CIPLA,2014.0,10173.0,8026.0,2147.0
CHOLAFIN,2021.0,9583.0,2913.0,2094.0
ICICIGI,2021.0,12161.0,10090.0,2072.0
INDUSINDBK,2023.0,36368.0,15525.0,2067.0
BAJFINANCE,2016.0,7299.0,2354.0,1986.0
INDIGO,2015.0,13925.0,12022.0,1904.0
CHOLAFIN,2019.0,7108.0,1632.0,1888.0
ICICIPRULI,2016.0,20849.0,19008.0,1842.0
ICICIPRULI,2017.0,37816.0,36010.0,1806.0
ICICIGI,2020.0,11517.0,9745.0,1772.0
ICICIPRULI,2018.0,38832.0,37062.0,1771.0
CHOLAFIN,2020.0,8712.0,2421.0,1699.0
ICICIGI,2019.0,11163.0,9494.0,1669.0
ICICIPRULI,2015.0,34453.0,32798.0,1655.0
ICICIPRULI,2014.0,21888.0,20384.0,1504.0
CHOLAFIN,2018.0,5559.0,1451.0,1451.0
BAJFINANCE,2015.0,5392.0,1752.0,1367.0
AXISBANK,2013.0,27183.0,8313.0,1353.0
ICICIGI,2023.0,17876.0,16612.0,1264.0
HDFCLIFE,2021.0,71528.0,70294.0,1235.0
HDFCLIFE,2019.0,38855.0,37640.0,1215.0
CHOLAFIN,2017.0,4694.0,1322.0,1143.0
HDFCLIFE,2020.0,29380.0,28239.0,1141.0
HDFCLIFE,2018.0,32260.0,31186.0,1074.0
ICICIGI,2022.0,16026.0,15010.0,1016.0
BANKBARODA,2013.0,36442.0,10950.0,1006.0
HDFCLIFE,2017.0,30647.0,29674.0,972.0
HDFCLIFE,2016.0,18141.0,17187.0,953.0
INDUSINDBK,2018.0,17281.0,6555.0,942.0
ICICIGI,2017.0,7520.0,6601.0,919.0
BANKBARODA,2015.0,44915.0,13466.0,902.0
CHOLAFIN,2016.0,4214.0,1266.0,899.0
HDFCLIFE,2015.0,27215.0,26341.0,874.0
INDIGO,2013.0,9203.0,8348.0,855.0
BANKBARODA,2014.0,40463.0,12049.0,809.0
HDFCLIFE,2022.0,67126.0,66348.0,778.0
ICICIGI,2016.0,6033.0,5269.0,764.0
ICICIPRULI,2013.0,20025.0,19280.0,745.0
CHOLAFIN,2015.0,3715.0,1061.0,696.0
CANBK,2013.0,34070.0,7217.0,655.0
HDFCLIFE,2014.0,17166.0,16561.0,605.0
CHOLAFIN,2014.0,3279.0,932.0,578.0
INDIGO,2022.0,25931.0,25373.0,558.0
ICICIPRULI,2019.0,41463.0,40922.0,541.0
HDFCLIFE,2024.0,101482.0,100951.0,531.0
HDFCLIFE,2013.0,14060.0,13535.0,525.0
CHOLAFIN,2013.0,2570.0,688.0,472.0
INDIGO,2014.0,11117.0,10684.0,433.0
INDUSINDBK,2017.0,14406.0,5684.0,379.0
INDUSINDBK,2014.0,8254.0,2555.0,335.0
INDUSINDBK,2016.0,11872.0,4188.0,329.0
INDUSINDBK,2015.0,9692.0,3133.0,288.0
INDUSINDBK,2013.0,6983.0,1947.0,286.0
RECLTD,2024.0,47517.0,47883.0,101.0
IRFC,2024.0,26645.0,26513.0,100.0
IRFC,2013.0,5550.0,5528.0,100.0
IRFC,2018.0,9267.0,9229.0,100.0
IRFC,2019.0,11134.0,11085.0,100.0
IRFC,2014.0,6197.0,6178.0,100.0
IRFC,2015.0,6939.0,6905.0,100.0
IRFC,2017.0,9047.0,9021.0,100.0
IRFC,2020.0,13421.0,13355.0,100.0
IRFC,2022.0,20299.0,20177.0,99.0
IRFC,2021.0,15771.0,15657.0,99.0
IRFC,2016.0,7507.0,7468.0,99.0
IRFC,2023.0,23722.0,23588.0,99.0
RECLTD,2013.0,13634.0,13270.0,97.0
RECLTD,2014.0,17223.0,16650.0,97.0
RECLTD,2023.0,39486.0,37628.0,95.0
BAJAJHLDNG,2013.0,337.0,322.0,95.0
BAJAJHLDNG,2014.0,423.0,400.0,94.0
RECLTD,2015.0,20544.0,19395.0,94.0
RECLTD,2019.0,25408.0,23705.0,93.0
RECLTD,2016.0,24125.0,22445.0,93.0
RECLTD,2017.0,24338.0,22450.0,92.0
BAJAJHLDNG,2024.0,1702.0,1562.0,92.0
BAJAJHLDNG,2015.0,524.0,484.0,92.0
RECLTD,2021.0,35557.0,32265.0,91.0
BAJAJHLDNG,2016.0,470.0,429.0,91.0
JIOFIN,2023.0,45.0,39.0,88.0
POWERGRID,2016.0,20652.0,18184.0,88.0
POWERGRID,2021.0,39640.0,34906.0,88.0
ADANIENSOL,2016.0,2194.0,1927.0,88.0
RECLTD,2022.0,39276.0,34438.0,88.0
POWERGRID,2023.0,45603.0,39576.0,87.0
POWERGRID,2024.0,45843.0,39826.0,87.0
POWERGRID,2017.0,25697.0,22450.0,87.0
POWERGRID,2018.0,29954.0,25961.0,87.0
POWERGRID,2020.0,37744.0,32886.0,87.0
RECLTD,2020.0,29942.0,25961.0,87.0
POWERGRID,2022.0,41622.0,35826.0,86.0
RECLTD,2018.0,22658.0,19279.0,85.0
POWERGRID,2015.0,17540.0,14927.0,85.0
BAJAJHLDNG,2018.0,420.0,355.0,85.0
JIOFIN,2024.0,1855.0,1559.0,84.0
POWERGRID,2013.0,13081.0,10837.0,83.0
POWERGRID,2014.0,15555.0,12967.0,83.0
ADANIGREEN,2017.0,502.0,403.0,80.0
BAJAJHLDNG,2019.0,431.0,347.0,80.0
HDFCLIFE,2023.0,70207.0,70127.0,80.0
ADANIGREEN,2024.0,9220.0,7318.0,79.0
ADANIENSOL,2015.0,131.0,101.0,78.0
POWERGRID,2019.0,35059.0,26920.0,77.0
BAJAJHLDNG,2021.0,457.0,352.0,77.0
BAJAJHLDNG,2022.0,484.0,367.0,76.0
BAJAJHLDNG,2017.0,842.0,628.0,75.0
BAJAJFINSV,2014.0,6023.0,4491.0,75.0
ADANIGREEN,2019.0,2058.0,1526.0,74.0
BAJAJHLDNG,2023.0,522.0,380.0,73.0
ADANIENSOL,2018.0,3944.0,2826.0,72.0
ADANIGREEN,2021.0,3124.0,2241.0,72.0
ADANIPORTS,2021.0,12550.0,8688.0,69.0
BAJAJHLDNG,2020.0,435.0,301.0,69.0
ADANIENSOL,2017.0,2876.0,1983.0,69.0
ADANIPORTS,2021.0,12550.0,8688.0,69.0
ADANIGREEN,2022.0,5133.0,3512.0,68.0
ADANIPORTS,2013.0,3577.0,2382.0,67.0
ADANIPORTS,2013.0,3577.0,2382.0,67.0
NHPC,2013.0,6381.0,4152.0,65.0
ADANIPORTS,2016.0,7109.0,4577.0,64.0
ADANIGREEN,2023.0,7776.0,4970.0,64.0
ADANIPORTS,2017.0,8439.0,5418.0,64.0
ADANIPORTS,2017.0,8439.0,5418.0,64.0
ADANIPORTS,2016.0,7109.0,4577.0,64.0
ADANIPORTS,2015.0,6152.0,3902.0,63.0
ADANIPORTS,2018.0,11323.0,7157.0,63.0
ADANIPORTS,2015.0,6152.0,3902.0,63.0
ADANIPORTS,2018.0,11323.0,7157.0,63.0
NHPC,2015.0,8221.0,5134.0,62.0
ADANIPORTS,2019.0,10925.0,6596.0,60.0
ADANIPORTS,2019.0,10925.0,6596.0,60.0
ADANIPORTS,2014.0,4830.0,2919.0,60.0
ADANIPORTS,2014.0,4830.0,2919.0,60.0
NHPC,2014.0,7389.0,4342.0,59.0
ADANIPORTS,2024.0,26711.0,15589.0,58.0
ADANIPORTS,2024.0,26711.0,15589.0,58.0
NHPC,2023.0,10607.0,6184.0,58.0
ADANIGREEN,2020.0,2549.0,1450.0,57.0
ADANIGREEN,2018.0,1480.0,843.0,57.0
NHPC,2016.0,8354.0,4783.0,57.0
NHPC,2017.0,8623.0,4884.0,57.0
ADANIPORTS,2022.0,17119.0,9528.0,56.0
ADANIPORTS,2022.0,17119.0,9528.0,56.0
NHPC,2019.0,8983.0,4981.0,55.0
NHPC,2018.0,7755.0,4248.0,55.0
NHPC,2021.0,9648.0,5277.0,55.0
NHPC,2020.0,10008.0,5446.0,54.0
ADANIPORTS,2023.0,20852.0,10947.0,52.0
BHARTIARTL,2024.0,149982.0,78292.0,52.0
ADANIPORTS,2023.0,20852.0,10947.0,52.0
BHARTIARTL,2023.0,139145.0,71274.0,51.0
NHPC,2024.0,9632.0,4807.0,50.0
ADANIPORTS,2020.0,11873.0,5947.0,50.0
ADANIPORTS,2020.0,11873.0,5947.0,50.0
BAJAJFINSV,2013.0,8055.0,3931.0,49.0
BHARTIARTL,2022.0,116547.0,57534.0,49.0
BAJAJFINSV,2015.0,11335.0,5511.0,49.0
IRCTC,2022.0,1879.0,874.0,47.0
JSWENERGY,2024.0,11486.0,5382.0,47.0
BHARTIARTL,2021.0,100616.0,45279.0,45.0
NHPC,2022.0,9144.0,4013.0,44.0
JSWENERGY,2022.0,8167.0,3572.0,44.0
SUNPHARMA,2014.0,16080.0,7003.0,44.0
DIVISLAB,2022.0,8960.0,3885.0,43.0
SUNPHARMA,2013.0,11131.0,4784.0,43.0
BHARTIARTL,2020.0,87539.0,36610.0,42.0
ATGL,2021.0,1696.0,704.0,42.0
JSWENERGY,2021.0,6922.0,2913.0,42.0
DLF,2017.0,8221.0,3446.0,42.0
TORNTPHARM,2016.0,6687.0,2733.0,41.0
JSWENERGY,2016.0,9824.0,4029.0,41.0
DIVISLAB,2021.0,6969.0,2867.0,41.0
DLF,2016.0,9926.0,3966.0,40.0
DIVISLAB,2014.0,2532.0,1018.0,40.0
ADANIENSOL,2021.0,9926.0,3950.0,40.0
JSWENERGY,2017.0,8263.0,3324.0,40.0
DLF,2015.0,7649.0,3014.0,39.0
JSWENERGY,2015.0,9347.0,3624.0,39.0
ITC,2020.0,49388.0,19344.0,39.0
DIVISLAB,2013.0,2145.0,816.0,38.0
ITC,2018.0,43449.0,16521.0,38.0
DIVISLAB,2019.0,4946.0,1874.0,38.0
ADANIENSOL,2019.0,7305.0,2778.0,38.0
ITC,2019.0,48340.0,18537.0,38.0
JSWENERGY,2014.0,8648.0,3255.0,38.0
DIVISLAB,2015.0,3115.0,1173.0,38.0
DIVISLAB,2016.0,3776.0,1423.0,38.0
PFC,2024.0,91508.0,33573.0,37.0
ITC,2016.0,39192.0,14531.0,37.0
ITC,2015.0,38817.0,14252.0,37.0
ITC,2024.0,70866.0,26233.0,37.0
ITC,2014.0,35306.0,13080.0,37.0
BAJAJFINSV,2024.0,110382.0,40886.0,37.0
ADANIENSOL,2020.0,11416.0,4258.0,37.0
ADANIENSOL,2022.0,11258.0,4206.0,37.0
BHARTIARTL,2017.0,95468.0,35330.0,37.0
ITC,2017.0,42768.0,15470.0,36.0
PFC,2014.0,21407.0,7607.0,36.0
ADANIPOWER,2024.0,50351.0,18228.0,36.0
ADANIPOWER,2022.0,27711.0,9881.0,36.0
DIVISLAB,2017.0,4064.0,1450.0,36.0
BAJAJFINSV,2023.0,82072.0,29868.0,36.0
IRCTC,2023.0,3541.0,1276.0,36.0
JSWENERGY,2020.0,8273.0,2957.0,36.0
BHARTIARTL,2018.0,82639.0,30079.0,36.0
ITC,2023.0,70919.0,25704.0,36.0
BAJAJFINSV,2017.0,24507.0,8713.0,36.0
BHARTIARTL,2015.0,96101.0,33602.0,35.0
BHARTIARTL,2016.0,96532.0,33984.0,35.0
ITC,2021.0,49257.0,17065.0,35.0
DLF,2018.0,6707.0,2378.0,35.0
PFC,2013.0,17314.0,5987.0,35.0
ITC,2013.0,31618.0,11221.0,35.0
BAJAJFINSV,2019.0,42605.0,15037.0,35.0
ADANIPOWER,2016.0,25377.0,8802.0,35.0
ADANIENSOL,2023.0,13293.0,4518.0,34.0
BAJAJFINSV,2020.0,54351.0,18258.0,34.0
IRCTC,2024.0,4270.0,1466.0,34.0
PFC,2015.0,24988.0,8429.0,34.0
JSWENERGY,2018.0,8049.0,2713.0,34.0
VEDL,2022.0,132732.0,44824.0,34.0
DLF,2013.0,7773.0,2633.0,34.0
DIVISLAB,2020.0,5394.0,1826.0,34.0
ITC,2022.0,60645.0,20623.0,34.0
PFC,2023.0,77684.0,26501.0,34.0
PFC,2019.0,54106.0,17783.0,33.0
DIVISLAB,2018.0,3891.0,1269.0,33.0
BAJAJFINSV,2018.0,32862.0,10788.0,33.0
ADANIPOWER,2021.0,26221.0,8688.0,33.0
BAJAJFINSV,2016.0,20533.0,6739.0,33.0
PFC,2016.0,27861.0,9162.0,33.0
DLF,2024.0,6427.0,2124.0,33.0
HAL,2024.0,30381.0,9749.0,32.0
SUNPHARMA,2017.0,31578.0,10102.0,32.0
JSWENERGY,2013.0,8870.0,2801.0,32.0
ONGC,2016.0,124036.0,39135.0,32.0
ATGL,2020.0,1875.0,595.0,32.0
JINDALSTEL,2021.0,34579.0,10933.0,32.0
BAJAJFINSV,2021.0,60592.0,19641.0,32.0
JSWENERGY,2023.0,10332.0,3282.0,32.0
BHARTIARTL,2019.0,80780.0,25764.0,32.0
DIVISLAB,2023.0,7767.0,2370.0,31.0
TCS,2014.0,81809.0,25153.0,31.0
JINDALSTEL,2013.0,19807.0,6106.0,31.0
EICHERMOT,2018.0,8965.0,2809.0,31.0
EICHERMOT,2017.0,7033.0,2174.0,31.0
BHARTIARTL,2014.0,85864.0,26512.0,31.0
PFC,2022.0,76262.0,23338.0,31.0
VEDL,2021.0,88021.0,27318.0,31.0
BAJAJFINSV,2022.0,68406.0,21455.0,31.0
IRCTC,2020.0,2264.0,703.0,31.0
SHRIRAMFIN,2013.0,7009.0,2179.0,31.0
TORNTPHARM,2024.0,10728.0,3368.0,31.0
NTPC,2021.0,111531.0,34044.0,31.0
JSWENERGY,2019.0,9138.0,2855.0,31.0
TORNTPHARM,2021.0,8005.0,2480.0,31.0
SHREECEM,2021.0,13560.0,4091.0,30.0
TORNTPHARM,2023.0,9620.0,2842.0,30.0
ADANIPOWER,2014.0,15328.0,4593.0,30.0
NTPC,2022.0,132669.0,40362.0,30.0
BHARTIARTL,2013.0,76947.0,22960.0,30.0
ADANIENSOL,2024.0,16607.0,5711.0,30.0
VEDL,2014.0,66152.0,19595.0,30.0
DLF,2023.0,5695.0,1726.0,30.0
VEDL,2015.0,73710.0,22114.0,30.0
VEDL,2017.0,72225.0,21376.0,30.0
JINDALSTEL,2014.0,19286.0,5799.0,30.0
DLF,2022.0,5717.0,1743.0,30.0
DLF,2014.0,8298.0,2493.0,30.0
EICHERMOT,2019.0,9797.0,2904.0,30.0
JINDALSTEL,2022.0,51166.0,15515.0,30.0
NTPC,2024.0,178501.0,51456.0,29.0
SUNPHARMA,2015.0,27392.0,7894.0,29.0
TORNTPHARM,2022.0,8508.0,2431.0,29.0
INFY,2013.0,40352.0,11538.0,29.0
SHREECEM,2013.0,5418.0,1561.0,29.0
SHREECEM,2020.0,12868.0,3771.0,29.0
SUNPHARMA,2016.0,28487.0,8174.0,29.0
SHREECEM,2017.0,8594.0,2513.0,29.0
SHRIRAMFIN,2023.0,30492.0,8799.0,29.0
SHRIRAMFIN,2024.0,36388.0,10523.0,29.0
NTPC,2020.0,109464.0,31586.0,29.0
TCS,2013.0,62989.0,18040.0,29.0
NAUKRI,2022.0,1589.0,446.0,28.0
INFY,2021.0,100472.0,27889.0,28.0
NAUKRI,2024.0,2536.0,711.0,28.0
PFC,2021.0,71656.0,19871.0,28.0
INFY,2015.0,53319.0,14883.0,28.0
SHRIRAMFIN,2018.0,13502.0,3805.0,28.0
SUNPHARMA,2024.0,48497.0,13018.0,28.0
JINDALSTEL,2015.0,19401.0,5464.0,28.0
DRREDDY,2024.0,28011.0,7933.0,28.0
TCS,2022.0,191754.0,53057.0,28.0
DIVISLAB,2024.0,7845.0,2210.0,28.0
TCS,2021.0,164177.0,46546.0,28.0
TCS,2016.0,108646.0,30677.0,28.0
ONGC,2014.0,174121.0,49130.0,28.0
ZYDUSLIFE,2024.0,19547.0,5384.0,28.0
LODHA,2019.0,11907.0,3179.0,27.0
NTPC,2023.0,176207.0,47596.0,27.0
TCS,2017.0,117966.0,32311.0,27.0
HCLTECH,2021.0,75379.0,20048.0,27.0
VEDL,2018.0,91866.0,24877.0,27.0
EICHERMOT,2016.0,6173.0,1690.0,27.0
ADANIPOWER,2018.0,20304.0,5436.0,27.0
JSWSTEEL,2022.0,146371.0,39114.0,27.0
INFY,2016.0,62441.0,17079.0,27.0
INFY,2017.0,68484.0,18604.0,27.0
SUNPHARMA,2022.0,38654.0,10258.0,27.0
TORNTPHARM,2020.0,7939.0,2170.0,27.0
ATGL,2018.0,1374.0,366.0,27.0
SUNPHARMA,2023.0,43886.0,11650.0,27.0
TCS,2020.0,156949.0,42109.0,27.0
TCS,2019.0,146463.0,39506.0,27.0
DLF,2021.0,5414.0,1469.0,27.0
TCS,2024.0,240893.0,64296.0,27.0
INFY,2018.0,70522.0,18822.0,27.0
INFY,2014.0,50133.0,13390.0,27.0
ONGC,2013.0,161984.0,43501.0,27.0
TATASTEEL,2022.0,243959.0,63490.0,26.0
ULTRACEMCO,2021.0,44726.0,11568.0,26.0
ATGL,2019.0,1719.0,455.0,26.0
TCS,2015.0,94648.0,24482.0,26.0
ADANIPOWER,2017.0,22616.0,5980.0,26.0
DRREDDY,2023.0,24670.0,6470.0,26.0
NAUKRI,2013.0,472.0,121.0,26.0
TCS,2018.0,123104.0,32516.0,26.0
DLF,2019.0,8366.0,2148.0,26.0
TORNTPHARM,2019.0,7673.0,1983.0,26.0
ONGC,2015.0,160923.0,42312.0,26.0
INFY,2022.0,121641.0,31491.0,26.0
NTPC,2018.0,88083.0,22485.0,26.0
LODHA,2016.0,8249.0,2126.0,26.0
LODHA,2024.0,10316.0,2665.0,26.0
SHREECEM,2016.0,5514.0,1407.0,26.0
NTPC,2017.0,82042.0,21598.0,26.0
ADANIPOWER,2023.0,38773.0,10096.0,26.0
EICHERMOT,2024.0,16536.0,4329.0,26.0
TCS,2023.0,225458.0,59259.0,26.0
SUNPHARMA,2021.0,33498.0,8470.0,25.0
ATGL,2022.0,3038.0,773.0,25.0
AMBUJACEM,2012.0,9749.0,2473.0,25.0
ATGL,2024.0,4475.0,1104.0,25.0
JSWSTEEL,2021.0,79839.0,20178.0,25.0
VEDL,2019.0,92048.0,23171.0,25.0
ADANIPOWER,2015.0,18683.0,4678.0,25.0
VEDL,2020.0,84447.0,20743.0,25.0
VEDL,2024.0,143727.0,35312.0,25.0
HCLTECH,2014.0,32144.0,8035.0,25.0
LODHA,2021.0,5449.0,1383.0,25.0
SHREECEM,2022.0,15010.0,3710.0,25.0
NTPC,2016.0,73396.0,18568.0,25.0
INFY,2020.0,90791.0,22267.0,25.0
HAL,2023.0,26928.0,6669.0,25.0
ZYDUSLIFE,2016.0,9427.0,2332.0,25.0
ABB,2024.0,5849.0,1453.0,25.0
LODHA,2012.0,2954.0,724.0,25.0
SHREECEM,2018.0,9833.0,2473.0,25.0
NTPC,2013.0,71518.0,18149.0,25.0
NTPC,2014.0,78330.0,19727.0,25.0
BEL,2024.0,20268.0,5051.0,25.0
HCLTECH,2022.0,85651.0,20529.0,24.0
GRASIM,2021.0,76404.0,18635.0,24.0
ZYDUSLIFE,2021.0,14404.0,3391.0,24.0
IRCTC,2021.0,777.0,188.0,24.0
SHRIRAMFIN,2019.0,15536.0,3801.0,24.0
INFY,2024.0,153670.0,36425.0,24.0
INFY,2023.0,146767.0,35130.0,24.0
LODHA,2015.0,6236.0,1467.0,24.0
NESTLEIND,2021.0,14741.0,3562.0,24.0
NESTLEIND,2024.0,24394.0,5813.0,24.0
ULTRACEMCO,2013.0,20514.0,4839.0,24.0
EICHERMOT,2020.0,9154.0,2183.0,24.0
HCLTECH,2020.0,70676.0,17316.0,24.0
ZYDUSLIFE,2018.0,11905.0,2831.0,24.0
WIPRO,2021.0,61935.0,14771.0,24.0
LODHA,2022.0,9233.0,2186.0,24.0
INFY,2019.0,82675.0,20170.0,24.0
SHRIRAMFIN,2014.0,8476.0,1999.0,24.0
BEL,2019.0,12164.0,2909.0,24.0
DRREDDY,2014.0,13415.0,3251.0,24.0
NESTLEIND,2020.0,13350.0,3202.0,24.0
NESTLEIND,2019.0,12369.0,2926.0,24.0
PFC,2018.0,48624.0,11752.0,24.0
TORNTPHARM,2017.0,5816.0,1377.0,24.0
EICHERMOT,2023.0,14442.0,3446.0,24.0
SHREECEM,2014.0,5715.0,1390.0,24.0
LODHA,2011.0,2173.0,510.0,23.0
DRREDDY,2013.0,11833.0,2669.0,23.0
HAL,2020.0,21445.0,4880.0,23.0
TATAPOWER,2020.0,29136.0,6805.0,23.0
HAL,2019.0,20008.0,4569.0,23.0
ABB,2023.0,5349.0,1206.0,23.0
HAL,2021.0,22882.0,5341.0,23.0
PIDILITIND,2021.0,7293.0,1686.0,23.0
DRREDDY,2015.0,15023.0,3508.0,23.0
TORNTPHARM,2014.0,4172.0,955.0,23.0
LTIM,2013.0,3851.0,870.0,23.0
LTIM,2014.0,4920.0,1147.0,23.0
PFC,2020.0,62189.0,14012.0,23.0
ZYDUSLIFE,2019.0,13166.0,2991.0,23.0
HCLTECH,2019.0,60427.0,13926.0,23.0
HCLTECH,2015.0,36701.0,8486.0,23.0
VEDL,2023.0,147308.0,34431.0,23.0
BEL,2023.0,17734.0,4090.0,23.0
BEL,2021.0,14109.0,3214.0,23.0
VBL,2023.0,16043.0,3717.0,23.0
DRREDDY,2016.0,15568.0,3585.0,23.0
NESTLEIND,2023.0,19126.0,4471.0,23.0
TORNTPHARM,2018.0,5950.0,1349.0,23.0
NTPC,2019.0,100287.0,22710.0,23.0
NESTLEIND,2018.0,11292.0,2618.0,23.0
ZYDUSLIFE,2023.0,17237.0,3860.0,22.0
PIDILITIND,2024.0,12383.0,2708.0,22.0
NAUKRI,2018.0,988.0,219.0,22.0
GRASIM,2019.0,77200.0,16640.0,22.0
GODREJCP,2021.0,11029.0,2399.0,22.0
PIDILITIND,2017.0,5617.0,1262.0,22.0
PIDILITIND,2016.0,5361.0,1173.0,22.0
HCLTECH,2024.0,109913.0,24198.0,22.0
LTIM,2021.0,12370.0,2725.0,22.0
HCLTECH,2018.0,50569.0,11246.0,22.0
HCLTECH,2017.0,47568.0,10390.0,22.0
HCLTECH,2013.0,25581.0,5680.0,22.0
JSWSTEEL,2019.0,84757.0,18930.0,22.0
WIPRO,2014.0,43424.0,9635.0,22.0
ZYDUSLIFE,2022.0,15110.0,3342.0,22.0
WIPRO,2015.0,46951.0,10299.0,22.0
HAL,2022.0,24620.0,5420.0,22.0
LODHA,2023.0,9470.0,2064.0,22.0
SHREECEM,2019.0,12555.0,2797.0,22.0
PIDILITIND,2020.0,7294.0,1576.0,22.0
PIDILITIND,2018.0,6078.0,1341.0,22.0
ABB,2022.0,4913.0,1082.0,22.0
BEL,2022.0,15368.0,3344.0,22.0
TECHM,2014.0,18802.0,4172.0,22.0
JINDALSTEL,2017.0,21603.0,4709.0,22.0
SUNPHARMA,2019.0,29066.0,6377.0,22.0
NESTLEIND,2022.0,16897.0,3706.0,22.0
SHREECEM,2024.0,20521.0,4518.0,22.0
VBL,2022.0,13173.0,2863.0,22.0
SHRIRAMFIN,2020.0,16561.0,3565.0,22.0
NTPC,2015.0,79957.0,17352.0,22.0
HCLTECH,2023.0,101456.0,22628.0,22.0
GODREJCP,2020.0,9911.0,2154.0,22.0
ULTRACEMCO,2022.0,52599.0,11514.0,22.0
ULTRACEMCO,2020.0,42430.0,9246.0,22.0
JSWSTEEL,2017.0,55604.0,12308.0,22.0
ADANIPOWER,2020.0,26468.0,5734.0,22.0
TORNTPHARM,2015.0,4636.0,1020.0,22.0
TORNTPHARM,2013.0,3203.0,697.0,22.0
ASIANPAINT,2021.0,21713.0,4856.0,22.0
WIPRO,2016.0,51244.0,10796.0,21.0
TATAPOWER,2021.0,32703.0,6921.0,21.0
GRASIM,2022.0,95701.0,20431.0,21.0
AMBUJACEM,2021.0,28965.0,6210.0,21.0
GRASIM,2018.0,55894.0,11612.0,21.0
GODREJCP,2019.0,10314.0,2132.0,21.0
GODREJCP,2017.0,9268.0,1907.0,21.0
ABB,2021.0,4310.0,922.0,21.0
GRASIM,2013.0,27909.0,5924.0,21.0
EICHERMOT,2022.0,10298.0,2178.0,21.0
JSWSTEEL,2018.0,71933.0,14916.0,21.0
GODREJCP,2024.0,14096.0,2957.0,21.0
ADANIPOWER,2019.0,23884.0,4983.0,21.0
HCLTECH,2016.0,31136.0,6654.0,21.0
GODREJCP,2018.0,9847.0,2084.0,21.0
SUNPHARMA,2020.0,32838.0,6983.0,21.0
DABUR,2018.0,7722.0,1617.0,21.0
DABUR,2020.0,8685.0,1792.0,21.0
DABUR,2021.0,9562.0,2002.0,21.0
DABUR,2022.0,10889.0,2252.0,21.0
TECHM,2013.0,6873.0,1422.0,21.0
DRREDDY,2019.0,15448.0,3178.0,21.0
GRASIM,2024.0,130978.0,27195.0,21.0
BAJAJ-AUTO,2014.0,20137.0,4163.0,21.0
NESTLEIND,2017.0,10010.0,2097.0,21.0
NESTLEIND,2014.0,9855.0,2039.0,21.0
ASIANPAINT,2020.0,20211.0,4157.0,21.0
ASIANPAINT,2024.0,35495.0,7585.0,21.0
ULTRACEMCO,2017.0,25375.0,5212.0,21.0
SUNPHARMA,2018.0,26489.0,5631.0,21.0
BAJAJ-AUTO,2016.0,22574.0,4793.0,21.0
IRCTC,2017.0,1520.0,314.0,21.0
VBL,2016.0,3861.0,810.0,21.0
VBL,2017.0,4004.0,838.0,21.0
VBL,2019.0,7130.0,1462.0,21.0
BEL,2017.0,8656.0,1792.0,21.0
BEL,2020.0,12968.0,2759.0,21.0
SHREECEM,2015.0,6259.0,1344.0,21.0
WIPRO,2022.0,79312.0,16684.0,21.0
NESTLEIND,2013.0,9101.0,1948.0,21.0
ZYDUSLIFE,2015.0,8651.0,1756.0,20.0
ZYDUSLIFE,2017.0,9376.0,1902.0,20.0
TATAPOWER,2017.0,27588.0,5473.0,20.0
WIPRO,2019.0,59019.0,11613.0,20.0
VBL,2018.0,5105.0,1036.0,20.0
WIPRO,2020.0,61138.0,12342.0,20.0
LODHA,2017.0,7926.0,1614.0,20.0
SHRIRAMFIN,2021.0,17422.0,3402.0,20.0
BAJAJ-AUTO,2017.0,21755.0,4429.0,20.0
BAJAJ-AUTO,2024.0,44870.0,8765.0,20.0
IRCTC,2019.0,1870.0,383.0,20.0
BEL,2018.0,10401.0,2039.0,20.0
NESTLEIND,2016.0,9141.0,1850.0,20.0
GODREJCP,2022.0,12276.0,2409.0,20.0
LTIM,2015.0,4978.0,1005.0,20.0
EICHERMOT,2021.0,8720.0,1783.0,20.0
GODREJCP,2016.0,8424.0,1657.0,20.0
LTIM,2019.0,9446.0,1883.0,20.0
GRASIM,2017.0,36068.0,7387.0,20.0
TATASTEEL,2021.0,156294.0,30504.0,20.0
JINDALSTEL,2024.0,50354.0,10202.0,20.0
ASIANPAINT,2017.0,15062.0,2994.0,20.0
DABUR,2017.0,7614.0,1512.0,20.0
AMBUJACEM,2020.0,24516.0,5006.0,20.0
WIPRO,2013.0,37430.0,7657.0,20.0
ZYDUSLIFE,2020.0,14253.0,2798.0,20.0
WIPRO,2017.0,55448.0,11321.0,20.0
LTIM,2022.0,26109.0,5249.0,20.0
DRREDDY,2021.0,19048.0,3874.0,20.0
ATGL,2023.0,4378.0,870.0,20.0
ULTRACEMCO,2018.0,30979.0,6145.0,20.0
DABUR,2016.0,7780.0,1518.0,20.0
DABUR,2019.0,8515.0,1740.0,20.0
ASIANPAINT,2019.0,19240.0,3765.0,20.0
PIDILITIND,2019.0,7078.0,1371.0,19.0
ONGC,2017.0,282506.0,52804.0,19.0
VBL,2021.0,8823.0,1694.0,19.0
BOSCHLTD,2016.0,9701.0,1878.0,19.0
VBL,2015.0,3394.0,642.0,19.0
VBL,2020.0,6450.0,1215.0,19.0
WIPRO,2023.0,90488.0,16839.0,19.0
BRITANNIA,2024.0,16769.0,3167.0,19.0
BHEL,2013.0,48903.0,9483.0,19.0
BEL,2016.0,7354.0,1393.0,19.0
ADANIENT,2015.0,64465.0,12450.0,19.0
TATAPOWER,2014.0,35726.0,6916.0,19.0
WIPRO,2024.0,89760.0,16752.0,19.0
WIPRO,2018.0,54487.0,10387.0,19.0
HAL,2018.0,18519.0,3460.0,19.0
PIDILITIND,2022.0,9921.0,1856.0,19.0
TATASTEEL,2019.0,157669.0,29318.0,19.0
LTIM,2020.0,10879.0,2029.0,19.0
BAJAJ-AUTO,2015.0,21595.0,4128.0,19.0
TATAPOWER,2015.0,33593.0,6301.0,19.0
LTIM,2017.0,6501.0,1230.0,19.0
AMBUJACEM,2024.0,33160.0,6400.0,19.0
ULTRACEMCO,2016.0,25153.0,4901.0,19.0
ASIANPAINT,2016.0,14271.0,2725.0,19.0
BAJAJ-AUTO,2018.0,25210.0,4846.0,19.0
NESTLEIND,2015.0,8175.0,1555.0,19.0
BOSCHLTD,2017.0,10435.0,1963.0,19.0
ULTRACEMCO,2015.0,23306.0,4425.0,19.0
ULTRACEMCO,2014.0,20730.0,4035.0,19.0
IRCTC,2018.0,1466.0,274.0,19.0
SHRIRAMFIN,2022.0,19255.0,3666.0,19.0
DABUR,2024.0,12404.0,2400.0,19.0
DABUR,2023.0,11530.0,2162.0,19.0
TECHM,2015.0,22621.0,4193.0,19.0
PFC,2017.0,27581.0,5275.0,19.0
DLF,2020.0,6083.0,1146.0,19.0
AMBUJACEM,2014.0,9955.0,1934.0,19.0
JINDALSTEL,2018.0,33286.0,6469.0,19.0
JINDALSTEL,2023.0,53212.0,9942.0,19.0
BRITANNIA,2021.0,13136.0,2509.0,19.0
ASIANPAINT,2018.0,16825.0,3204.0,19.0
ZYDUSLIFE,2013.0,6358.0,1130.0,18.0
JSWSTEEL,2015.0,52972.0,9364.0,18.0
SHRIRAMFIN,2017.0,10903.0,1972.0,18.0
BAJAJ-AUTO,2023.0,36455.0,6465.0,18.0
BAJAJ-AUTO,2021.0,27741.0,4938.0,18.0
ONGC,2018.0,322706.0,56889.0,18.0
ONGC,2019.0,421624.0,74819.0,18.0
BOSCHLTD,2018.0,11690.0,2093.0,18.0
BAJAJ-AUTO,2013.0,20025.0,3656.0,18.0
BOSCHLTD,2019.0,12085.0,2154.0,18.0
UNITDSPR,2024.0,11321.0,2000.0,18.0
ULTRACEMCO,2024.0,70908.0,12969.0,18.0
SHRIRAMFIN,2015.0,9177.0,1691.0,18.0
ASIANPAINT,2023.0,34489.0,6260.0,18.0
JINDALSTEL,2020.0,37923.0,6831.0,18.0
JINDALSTEL,2019.0,46966.0,8412.0,18.0
SHRIRAMFIN,2016.0,10359.0,1824.0,18.0
TECHM,2021.0,37855.0,6796.0,18.0
TECHM,2019.0,34742.0,6271.0,18.0
JSWSTEEL,2014.0,51220.0,9169.0,18.0
RELIANCE,2024.0,899041.0,162498.0,18.0
AMBUJACEM,2013.0,9161.0,1669.0,18.0
JINDALSTEL,2016.0,19469.0,3437.0,18.0
ULTRACEMCO,2019.0,41462.0,7347.0,18.0
GODREJCP,2023.0,13316.0,2443.0,18.0
HAL,2017.0,17950.0,3236.0,18.0
TECHM,2022.0,44646.0,8020.0,18.0
M&M,2024.0,139078.0,24892.0,18.0
LTIM,2016.0,5846.0,1028.0,18.0
GRASIM,2023.0,117627.0,21589.0,18.0
LTIM,2024.0,35517.0,6387.0,18.0
LTIM,2023.0,33183.0,6108.0,18.0
ABB,2020.0,4093.0,757.0,18.0
ADANIENT,2014.0,54947.0,9383.0,17.0
LT,2021.0,135979.0,23460.0,17.0
ZYDUSLIFE,2014.0,7224.0,1203.0,17.0
LT,2014.0,85054.0,14086.0,17.0
LT,2015.0,91929.0,15684.0,17.0
LT,2018.0,119683.0,20111.0,17.0
LT,2019.0,135220.0,22866.0,17.0
LT,2020.0,145452.0,24553.0,17.0
GODREJCP,2015.0,8273.0,1379.0,17.0
UNITDSPR,2020.0,9325.0,1569.0,17.0
VEDL,2013.0,2749.0,465.0,17.0
ONGC,2024.0,591396.0,102835.0,17.0
BAJAJ-AUTO,2020.0,29919.0,5109.0,17.0
LODHA,2018.0,9677.0,1682.0,17.0
RELIANCE,2021.0,466307.0,80790.0,17.0
M&M,2023.0,121269.0,20285.0,17.0
GRASIM,2016.0,34487.0,5911.0,17.0
TATASTEEL,2018.0,123249.0,21433.0,17.0
TATAPOWER,2024.0,61449.0,10735.0,17.0
NAUKRI,2014.0,567.0,97.0,17.0
PIDILITIND,2023.0,11799.0,1986.0,17.0
TATAPOWER,2013.0,33177.0,5595.0,17.0
SHREECEM,2023.0,17852.0,2960.0,17.0
JSWSTEEL,2013.0,38210.0,6512.0,17.0
AMBUJACEM,2019.0,27104.0,4597.0,17.0
BEL,2015.0,7093.0,1179.0,17.0
BRITANNIA,2023.0,16301.0,2831.0,17.0
ULTRACEMCO,2023.0,63240.0,10620.0,17.0
DRREDDY,2022.0,21545.0,3768.0,17.0
ASIANPAINT,2013.0,10504.0,1737.0,17.0
ASIANPAINT,2022.0,29101.0,4804.0,17.0
BAJAJ-AUTO,2019.0,30358.0,5198.0,17.0
GRASIM,2014.0,28331.0,4915.0,17.0
DABUR,2015.0,7795.0,1320.0,17.0
DRREDDY,2017.0,14196.0,2472.0,17.0
APOLLOHOSP,2014.0,4357.0,676.0,16.0
ABB,2018.0,3298.0,525.0,16.0
AMBUJACEM,2016.0,20094.0,3181.0,16.0
AMBUJACEM,2017.0,23609.0,3858.0,16.0
ABB,2019.0,3679.0,605.0,16.0
BOSCHLTD,2015.0,12086.0,1981.0,16.0
DRREDDY,2018.0,14281.0,2351.0,16.0
DABUR,2014.0,7058.0,1162.0,16.0
DABUR,2013.0,6140.0,992.0,16.0
TRENT,2024.0,12375.0,1971.0,16.0
BRITANNIA,2022.0,14136.0,2201.0,16.0
BRITANNIA,2020.0,11600.0,1843.0,16.0
BRITANNIA,2019.0,11055.0,1732.0,16.0
TECHM,2016.0,26494.0,4260.0,16.0
BAJAJ-AUTO,2022.0,33145.0,5259.0,16.0
APOLLOHOSP,2013.0,3769.0,612.0,16.0
ASIANPAINT,2014.0,12220.0,2004.0,16.0
ONGC,2021.0,303849.0,49473.0,16.0
ONGC,2022.0,491246.0,79874.0,16.0
UNITDSPR,2022.0,9712.0,1595.0,16.0
BOSCHLTD,2012.0,8659.0,1350.0,16.0
GAIL,2022.0,92770.0,15161.0,16.0
LT,2022.0,156521.0,24314.0,16.0
GODREJCP,2013.0,6412.0,995.0,16.0
PIDILITIND,2015.0,4844.0,771.0,16.0
TATAPOWER,2022.0,42816.0,7031.0,16.0
PIDILITIND,2014.0,4283.0,672.0,16.0
GRASIM,2015.0,31734.0,5144.0,16.0
JSWSTEEL,2024.0,175006.0,28157.0,16.0
M&M,2022.0,90171.0,14683.0,16.0
RELIANCE,2018.0,390823.0,64315.0,16.0
RELIANCE,2022.0,694673.0,108581.0,16.0
RELIANCE,2023.0,876396.0,142318.0,16.0
LTIM,2018.0,7306.0,1187.0,16.0
JSWSTEEL,2020.0,73326.0,11813.0,16.0
MARUTI,2016.0,57589.0,9024.0,16.0
AMBUJACEM,2015.0,9437.0,1542.0,16.0
ASIANPAINT,2015.0,13615.0,2243.0,16.0
AMBUJACEM,2018.0,26041.0,4011.0,15.0
UNITDSPR,2019.0,9341.0,1394.0,15.0
APOLLOHOSP,2022.0,14663.0,2189.0,15.0
M&M,2019.0,104721.0,15207.0,15.0
BOSCHLTD,2020.0,9842.0,1483.0,15.0
BRITANNIA,2016.0,8397.0,1224.0,15.0
BOSCHLTD,2013.0,8757.0,1289.0,15.0
TECHM,2023.0,53290.0,7763.0,15.0
GAIL,2013.0,50974.0,7427.0,15.0
HAL,2015.0,15730.0,2351.0,15.0
PIDILITIND,2013.0,3678.0,558.0,15.0
TATAMOTORS,2015.0,263159.0,39239.0,15.0
TATACONSUM,2024.0,15206.0,2284.0,15.0
NAUKRI,2023.0,2346.0,348.0,15.0
GODREJCP,2014.0,7599.0,1169.0,15.0
HAVELLS,2021.0,10457.0,1589.0,15.0
MARUTI,2017.0,68085.0,10421.0,15.0
LODHA,2020.0,12443.0,1917.0,15.0
LT,2023.0,183341.0,27166.0,15.0
LT,2016.0,101122.0,15486.0,15.0
LT,2017.0,109312.0,16620.0,15.0
LT,2013.0,74426.0,11394.0,15.0
M&M,2021.0,74278.0,11487.0,15.0
RELIANCE,2019.0,568337.0,84250.0,15.0
JSWSTEEL,2016.0,41546.0,6422.0,15.0
RELIANCE,2020.0,596679.0,89266.0,15.0
MARUTI,2018.0,79809.0,12118.0,15.0
TATAMOTORS,2014.0,232834.0,34853.0,15.0
GRASIM,2020.0,68252.0,10373.0,15.0
RELIANCE,2017.0,303954.0,46307.0,15.0
RELIANCE,2016.0,272583.0,41781.0,15.0
TECHM,2020.0,36868.0,5503.0,15.0
BRITANNIA,2018.0,9914.0,1501.0,15.0
TRENT,2020.0,3486.0,529.0,15.0
VBL,2014.0,2502.0,387.0,15.0
TECHM,2018.0,30773.0,4710.0,15.0
HAL,2016.0,16758.0,2478.0,15.0
ABB,2017.0,2903.0,398.0,14.0
ABB,2015.0,2289.0,312.0,14.0
ABB,2016.0,2614.0,365.0,14.0
LT,2024.0,221113.0,29865.0,14.0
MARUTI,2015.0,50801.0,6892.0,14.0
M&M,2014.0,74001.0,10170.0,14.0
SIEMENS,2024.0,22240.0,3104.0,14.0
TATAMOTORS,2016.0,273046.0,38395.0,14.0
TATAMOTORS,2024.0,437928.0,59538.0,14.0
M&M,2018.0,92094.0,13226.0,14.0
TATAPOWER,2023.0,55109.0,7728.0,14.0
TATACONSUM,2022.0,12425.0,1719.0,14.0
IRCTC,2016.0,1367.0,190.0,14.0
IRCTC,2015.0,1059.0,152.0,14.0
DRREDDY,2020.0,17517.0,2477.0,14.0
GAIL,2018.0,54496.0,7802.0,14.0
BRITANNIA,2017.0,9054.0,1278.0,14.0
TECHM,2017.0,29141.0,4184.0,14.0
TRENT,2023.0,8242.0,1114.0,14.0
TVSMOTOR,2024.0,39145.0,5500.0,14.0
UNITDSPR,2018.0,8591.0,1209.0,14.0
BEL,2014.0,6518.0,925.0,14.0
VBL,2013.0,2115.0,291.0,14.0
APOLLOHOSP,2020.0,11247.0,1591.0,14.0
APOLLOHOSP,2015.0,5129.0,737.0,14.0
ADANIPOWER,2013.0,6692.0,960.0,14.0
ADANIENT,2013.0,46375.0,6021.0,13.0
ONGC,2020.0,396728.0,52105.0,13.0
M&M,2013.0,68693.0,9116.0,13.0
M&M,2016.0,75841.0,10082.0,13.0
M&M,2017.0,83773.0,10735.0,13.0
M&M,2020.0,75382.0,10158.0,13.0
APOLLOHOSP,2024.0,19059.0,2394.0,13.0
AMBUJACEM,2023.0,38937.0,5122.0,13.0
UNITDSPR,2023.0,10612.0,1417.0,13.0
UNITDSPR,2021.0,8131.0,1051.0,13.0
BOSCHLTD,2023.0,14929.0,1810.0,13.0
VBL,2012.0,1800.0,228.0,13.0
BOSCHLTD,2024.0,16727.0,2095.0,13.0
TVSMOTOR,2023.0,31974.0,4027.0,13.0
GAIL,2014.0,61765.0,7988.0,13.0
MARUTI,2024.0,141858.0,18626.0,13.0
HAVELLS,2018.0,8116.0,1033.0,13.0
HAVELLS,2017.0,6130.0,815.0,13.0
TATAMOTORS,2021.0,249795.0,32287.0,13.0
HAVELLS,2022.0,13938.0,1775.0,13.0
TRENT,2022.0,4498.0,595.0,13.0
TATACONSUM,2020.0,9637.0,1292.0,13.0
TATAMOTORS,2013.0,188793.0,24596.0,13.0
TATACONSUM,2023.0,13783.0,1856.0,13.0
TATACONSUM,2021.0,11602.0,1544.0,13.0
SIEMENS,2023.0,19554.0,2487.0,13.0
EICHERMOT,2014.0,8738.0,1118.0,13.0
TATASTEEL,2023.0,243353.0,32300.0,13.0
GAIL,2019.0,76190.0,9938.0,13.0
GAIL,2021.0,57372.0,7245.0,13.0
MARUTI,2019.0,86068.0,11056.0,13.0
TATASTEEL,2017.0,112299.0,13144.0,12.0
TATACONSUM,2017.0,6780.0,791.0,12.0
TATACONSUM,2018.0,6815.0,839.0,12.0
TITAN,2022.0,28799.0,3344.0,12.0
TITAN,2020.0,21052.0,2463.0,12.0
ADANIENT,2024.0,96421.0,11377.0,12.0
NAUKRI,2016.0,748.0,91.0,12.0
GAIL,2017.0,48552.0,6021.0,12.0
TITAN,2023.0,40575.0,4882.0,12.0
TATASTEEL,2020.0,139817.0,17463.0,12.0
GAIL,2020.0,72518.0,9022.0,12.0
M&M,2015.0,71448.0,8793.0,12.0
SIEMENS,2022.0,16138.0,1860.0,12.0
TVSMOTOR,2020.0,18849.0,2264.0,12.0
HAVELLS,2019.0,10073.0,1189.0,12.0
APOLLOHOSP,2023.0,16612.0,2065.0,12.0
ONGC,2023.0,632291.0,75527.0,12.0
BOSCHLTD,2021.0,9718.0,1163.0,12.0
BOSCHLTD,2022.0,11782.0,1462.0,12.0
ABB,2012.0,1653.0,202.0,12.0
BHEL,2014.0,39561.0,4579.0,12.0
MARUTI,2014.0,44542.0,5310.0,12.0
ABB,2014.0,2276.0,267.0,12.0
UNITDSPR,2013.0,10378.0,1091.0,11.0
HAVELLS,2020.0,9440.0,1067.0,11.0
GAIL,2024.0,133228.0,14314.0,11.0
EICHERMOT,2013.0,6810.0,715.0,11.0
SIEMENS,2019.0,13084.0,1490.0,11.0
JSWSTEEL,2023.0,165960.0,18470.0,11.0
IOC,2021.0,363950.0,39929.0,11.0
UNITDSPR,2017.0,8818.0,991.0,11.0
BEL,2013.0,6273.0,669.0,11.0
TVSMOTOR,2021.0,19421.0,2232.0,11.0
TVSMOTOR,2019.0,20160.0,2163.0,11.0
SIEMENS,2021.0,13198.0,1452.0,11.0
TATAMOTORS,2018.0,291550.0,31458.0,11.0
TATAMOTORS,2017.0,269693.0,29589.0,11.0
TATASTEEL,2014.0,148614.0,16184.0,11.0
TATACONSUM,2019.0,7252.0,786.0,11.0
BRITANNIA,2015.0,7858.0,870.0,11.0
APOLLOHOSP,2016.0,6150.0,684.0,11.0
APOLLOHOSP,2019.0,9617.0,1070.0,11.0
APOLLOHOSP,2021.0,10560.0,1140.0,11.0
TVSMOTOR,2022.0,24355.0,2755.0,11.0
MARUTI,2023.0,118410.0,13122.0,11.0
MOTHERSON,2016.0,37216.0,3548.0,10.0
TITAN,2024.0,51084.0,5292.0,10.0
TITAN,2013.0,10123.0,1014.0,10.0
IOC,2017.0,355379.0,34149.0,10.0
IOC,2018.0,421492.0,41658.0,10.0
APOLLOHOSP,2017.0,7256.0,734.0,10.0
APOLLOHOSP,2018.0,8243.0,801.0,10.0
MARUTI,2013.0,44304.0,4361.0,10.0
SIEMENS,2017.0,11065.0,1056.0,10.0
SIEMENS,2011.0,11955.0,1171.0,10.0
IOC,2024.0,776352.0,75646.0,10.0
RELIANCE,2015.0,374372.0,37449.0,10.0
TATAPOWER,2019.0,29881.0,3070.0,10.0
TATACONSUM,2015.0,7993.0,792.0,10.0
TITAN,2014.0,10927.0,1047.0,10.0
HAVELLS,2016.0,7594.0,796.0,10.0
TATASTEEL,2024.0,229171.0,22248.0,10.0
HAL,2014.0,15135.0,1570.0,10.0
TITAN,2015.0,11913.0,1153.0,10.0
TRENT,2018.0,2157.0,208.0,10.0
TATACONSUM,2013.0,7351.0,770.0,10.0
TATACONSUM,2014.0,7738.0,752.0,10.0
TITAN,2018.0,16120.0,1644.0,10.0
TITAN,2019.0,19779.0,1994.0,10.0
MOTHERSON,2017.0,42376.0,4171.0,10.0
MARUTI,2020.0,75660.0,7355.0,10.0
TVSMOTOR,2018.0,16340.0,1571.0,10.0
BPCL,2024.0,448083.0,44082.0,10.0
SIEMENS,2018.0,12795.0,1327.0,10.0
SIEMENS,2020.0,9946.0,1003.0,10.0
HAVELLS,2014.0,8051.0,777.0,10.0
HAVELLS,2024.0,18590.0,1881.0,10.0
HAVELLS,2023.0,16911.0,1621.0,10.0
TATAMOTORS,2022.0,278454.0,24720.0,9.0
BRITANNIA,2014.0,6913.0,627.0,9.0
GAIL,2016.0,52053.0,4536.0,9.0
TATAMOTORS,2023.0,345967.0,31816.0,9.0
TATAPOWER,2018.0,26840.0,2295.0,9.0
MOTHERSON,2018.0,56303.0,5128.0,9.0
DMART,2018.0,15033.0,1353.0,9.0
GAIL,2015.0,60557.0,5631.0,9.0
TITAN,2017.0,13261.0,1164.0,9.0
DMART,2020.0,24870.0,2128.0,9.0
TECHM,2024.0,51996.0,4506.0,9.0
EICHERMOT,2012.0,6390.0,550.0,9.0
HAVELLS,2015.0,8468.0,755.0,9.0
BPCL,2021.0,230171.0,21001.0,9.0
MOTHERSON,2024.0,98692.0,9322.0,9.0
HAVELLS,2013.0,7135.0,674.0,9.0
TRENT,2019.0,2630.0,241.0,9.0
SIEMENS,2016.0,10837.0,1021.0,9.0
SIEMENS,2015.0,10563.0,998.0,9.0
TITAN,2021.0,21644.0,1725.0,8.0
TATAMOTORS,2019.0,301938.0,24664.0,8.0
MOTHERSON,2021.0,57370.0,4370.0,8.0
MOTHERSON,2020.0,60729.0,4654.0,8.0
RELIANCE,2013.0,395957.0,33155.0,8.0
MOTHERSON,2023.0,78788.0,6251.0,8.0
IOC,2022.0,589321.0,47758.0,8.0
RELIANCE,2014.0,433521.0,34935.0,8.0
MARUTI,2021.0,70372.0,5411.0,8.0
MOTHERSON,2019.0,63523.0,5348.0,8.0
DMART,2023.0,42840.0,3639.0,8.0
DMART,2019.0,20005.0,1633.0,8.0
DMART,2022.0,30976.0,2502.0,8.0
MOTHERSON,2015.0,34661.0,2844.0,8.0
DMART,2024.0,50789.0,4106.0,8.0
DMART,2017.0,11898.0,969.0,8.0
DMART,2016.0,8584.0,664.0,8.0
MOTHERSON,2014.0,30414.0,2397.0,8.0
TITAN,2016.0,11276.0,939.0,8.0
TRENT,2017.0,1812.0,134.0,7.0
BPCL,2016.0,187815.0,12971.0,7.0
BHEL,2015.0,31323.0,2141.0,7.0
MOTHERSON,2022.0,63774.0,4714.0,7.0
BHEL,2019.0,30441.0,2032.0,7.0
IOC,2019.0,528158.0,35262.0,7.0
BPCL,2017.0,201251.0,13783.0,7.0
TATAMOTORS,2020.0,261068.0,17987.0,7.0
MARUTI,2022.0,88330.0,5752.0,7.0
DMART,2015.0,6439.0,456.0,7.0
DMART,2014.0,4686.0,341.0,7.0
DMART,2021.0,24143.0,1745.0,7.0
ADANIENT,2023.0,127540.0,8818.0,7.0
NAUKRI,2021.0,1128.0,74.0,7.0
TVSMOTOR,2017.0,12463.0,871.0,7.0
TVSMOTOR,2016.0,11377.0,819.0,7.0
TATAPOWER,2016.0,29494.0,2105.0,7.0
BRITANNIA,2013.0,6185.0,421.0,7.0
BPCL,2022.0,346791.0,19137.0,6.0
TVSMOTOR,2014.0,8384.0,492.0,6.0
TVSMOTOR,2015.0,10256.0,605.0,6.0
TVSMOTOR,2013.0,7510.0,438.0,6.0
TATACONSUM,2016.0,6637.0,366.0,6.0
ADANIENT,2021.0,39537.0,2506.0,6.0
ADANIENT,2018.0,35924.0,2038.0,6.0
MOTHERSON,2013.0,25298.0,1480.0,6.0
DMART,2013.0,3341.0,215.0,6.0
BHEL,2018.0,28827.0,1653.0,6.0
IOC,2016.0,346045.0,22038.0,6.0
BPCL,2018.0,235895.0,15317.0,6.0
ADANIENT,2020.0,43403.0,2294.0,5.0
ADANIENT,2019.0,40379.0,1969.0,5.0
UNIONBANK,2024.0,100376.0,4590.0,5.0
BPCL,2019.0,298226.0,15112.0,5.0
SBILIFE,2016.0,19324.0,920.0,5.0
ADANIENT,2016.0,34008.0,1684.0,5.0
TRENT,2016.0,1686.0,90.0,5.0
HAL,2013.0,14328.0,768.0,5.0
GAIL,2023.0,145668.0,7500.0,5.0
ADANIENT,2017.0,36533.0,1902.0,5.0
ADANIENT,2022.0,69420.0,3714.0,5.0
UNITDSPR,2016.0,8495.0,333.0,4.0
BHEL,2022.0,21211.0,828.0,4.0
BHEL,2023.0,23365.0,1044.0,4.0
LICI,2023.0,784628.0,34207.0,4.0
LICI,2024.0,845966.0,32779.0,4.0
IOC,2023.0,841756.0,30683.0,4.0
BPCL,2014.0,264421.0,9414.0,4.0
SBILIFE,2018.0,34068.0,1332.0,4.0
SBILIFE,2017.0,30548.0,1068.0,4.0
TRENT,2021.0,2593.0,114.0,4.0
TRENT,2015.0,2284.0,88.0,4.0
BPCL,2015.0,242598.0,9780.0,4.0
IOC,2014.0,488345.0,17222.0,4.0
BHEL,2017.0,28465.0,1095.0,4.0
SBILIFE,2019.0,44604.0,1474.0,3.0
SBILIFE,2020.0,43798.0,1351.0,3.0
IOC,2013.0,461780.0,13861.0,3.0
IOC,2020.0,483763.0,16053.0,3.0
BPCL,2020.0,284572.0,8975.0,3.0
SBILIFE,2015.0,23399.0,794.0,3.0
SBILIFE,2013.0,14870.0,427.0,3.0
BPCL,2013.0,242181.0,6709.0,3.0
NAUKRI,2015.0,732.0,21.0,3.0
TATASTEEL,2013.0,134712.0,3965.0,3.0
SBILIFE,2014.0,17258.0,511.0,3.0
BHEL,2024.0,23893.0,711.0,3.0
IOC,2015.0,449507.0,10575.0,2.0
INDIGO,2021.0,14641.0,14638.0,2.0
TATASTEEL,2015.0,139504.0,3409.0,2.0
BPCL,2023.0,473187.0,10899.0,2.0
NAUKRI,2019.0,1151.0,9.0,1.0
UNIONBANK,2013.0,25169.0,325.0,1.0
SBILIFE,2021.0,81913.0,872.0,1.0
SBILIFE,2022.0,82983.0,730.0,1.0
SIEMENS,2014.0,10678.0,119.0,1.0
LICI,2019.0,571508.0,5920.0,1.0
ZOMATO,2024.0,12114.0,43.0,0.0
TRENT,2013.0,2132.0,5.0,0.0
TRENT,2014.0,2333.0,-10.0,0.0
SBILIFE,2024.0,131988.0,246.0,0.0
LICI,2021.0,690914.0,-252.0,0.0
LICI,2022.0,723606.0,3326.0,0.0
SBILIFE,2023.0,80636.0,122.0,0.0
TATASTEEL,2016.0,101965.0,-625.0,-1.0
NAUKRI,2017.0,888.0,-9.0,-1.0
LICI,2020.0,628043.0,-6947.0,-1.0
BHEL,2020.0,21463.0,-133.0,-1.0
UNIONBANK,2015.0,32164.0,-973.0,-3.0
SBIN,2013.0,167976.0,-5124.0,-3.0
UNIONBANK,2014.0,29394.0,-902.0,-3.0
UNITDSPR,2015.0,9254.0,-366.0,-4.0
UNIONBANK,2023.0,81163.0,-3024.0,-4.0
BHEL,2016.0,25505.0,-1357.0,-5.0
UNIONBANK,2016.0,32316.0,-1928.0,-6.0
UNIONBANK,2022.0,68230.0,-4213.0,-6.0
SBIN,2014.0,189062.0,-14614.0,-8.0
SBIN,2015.0,207974.0,-21879.0,-11.0
SBIN,2023.0,350845.0,-43439.0,-12.0
SBIN,2024.0,439189.0,-60297.0,-14.0
SBIN,2016.0,220633.0,-32399.0,-15.0
UNIONBANK,2017.0,32817.0,-4830.0,-15.0
UNIONBANK,2021.0,69311.0,-11071.0,-16.0
ZOMATO,2023.0,7079.0,-1211.0,-17.0
BHEL,2021.0,17309.0,-3049.0,-18.0
ZOMATO,2018.0,466.0,-92.0,-20.0
SBIN,2022.0,289973.0,-63570.0,-22.0
ZOMATO,2021.0,1994.0,-467.0,-23.0
SBIN,2020.0,269852.0,-64181.0,-24.0
UNIONBANK,2020.0,37479.0,-9523.0,-25.0
SBIN,2021.0,278115.0,-70715.0,-25.0
UNIONBANK,2019.0,34314.0,-8601.0,-25.0
NAUKRI,2020.0,1312.0,-350.0,-27.0
SBIN,2019.0,253322.0,-68649.0,-27.0
SBIN,2017.0,230447.0,-64334.0,-28.0
VEDL,2016.0,64262.0,-18479.0,-29.0
UNITDSPR,2014.0,10508.0,-3368.0,-32.0
UNIONBANK,2018.0,32952.0,-11700.0,-36.0
SBIN,2018.0,228970.0,-86697.0,-38.0
ZOMATO,2022.0,4192.0,-1851.0,-44.0
ZOMATO,2020.0,2605.0,-2305.0,-88.0
INDIGO,2019.0,28497.0,28648.0,-151.0
ZOMATO,2019.0,1313.0,-2243.0,-171.0
ICICIGI,2013.0,4012.0,4191.0,-178.0
ICICIGI,2015.0,4234.0,4456.0,-221.0
ICICIGI,2014.0,4352.0,4578.0,-225.0
ICICIGI,2018.0,6912.0,7174.0,-262.0
ICICIPRULI,2020.0,21025.0,21344.0,-319.0
ICICIPRULI,2021.0,83182.0,83572.0,-390.0
INDUSINDBK,2019.0,22261.0,9283.0,-437.0
INDUSINDBK,2020.0,28783.0,12611.0,-553.0
CANBK,2015.0,43813.0,10302.0,-621.0
CANBK,2014.0,39570.0,9636.0,-672.0
INDUSINDBK,2022.0,30822.0,15840.0,-839.0
KOTAKBANK,2014.0,11986.0,7053.0,-1379.0
ICICIPRULI,2023.0,50478.0,52235.0,-1757.0
KOTAKBANK,2013.0,10838.0,6603.0,-1789.0
ICICIPRULI,2024.0,90307.0,92136.0,-1829.0
ICICIPRULI,2022.0,63564.0,65728.0,-2163.0
KOTAKBANK,2016.0,20402.0,11541.0,-2263.0
INDUSINDBK,2021.0,29000.0,15997.0,-2469.0
AXISBANK,2021.0,63346.0,31749.0,-2510.0
BANKBARODA,2022.0,73385.0,37518.0,-2948.0
KOTAKBANK,2015.0,13319.0,9718.0,-3366.0
KOTAKBANK,2017.0,22324.0,14832.0,-3965.0
KOTAKBANK,2018.0,25131.0,16805.0,-4141.0
BANKBARODA,2017.0,44473.0,19250.0,-4372.0
KOTAKBANK,2020.0,33474.0,22578.0,-5005.0
KOTAKBANK,2019.0,29831.0,19758.0,-5114.0
BANKBARODA,2019.0,52906.0,25815.0,-5414.0
AXISBANK,2019.0,54986.0,27155.0,-5447.0
AXISBANK,2017.0,44542.0,23808.0,-5715.0
KOTAKBANK,2023.0,42151.0,33485.0,-5746.0
CANBK,2017.0,41457.0,15691.0,-5775.0
BANKBARODA,2021.0,74314.0,38070.0,-6957.0
CANBK,2024.0,110519.0,46146.0,-7745.0
CANBK,2016.0,44039.0,17785.0,-8008.0
KOTAKBANK,2022.0,33741.0,30699.0,-8512.0
BANKBARODA,2018.0,46056.0,26093.0,-9197.0
AXISBANK,2020.0,62635.0,35066.0,-9859.0
CANBK,2023.0,85885.0,42772.0,-9877.0
KOTAKBANK,2021.0,32820.0,29812.0,-9958.0
AXISBANK,2018.0,45780.0,28895.0,-10277.0
CANBK,2019.0,47951.0,27202.0,-11590.0
BANKBARODA,2016.0,45799.0,25391.0,-11700.0
BANKBARODA,2020.0,78895.0,40583.0,-11728.0
CANBK,2020.0,49759.0,26809.0,-12867.0
ICICIBANK,2014.0,49479.0,32852.0,-13084.0
CANBK,2018.0,41345.0,25582.0,-13350.0
KOTAKBANK,2024.0,56237.0,47052.0,-13382.0
CANBK,2022.0,70614.0,41235.0,-13657.0
ICICIBANK,2024.0,159516.0,99560.0,-14152.0
ICICIBANK,2013.0,44885.0,31684.0,-15085.0
ICICIBANK,2015.0,54964.0,38766.0,-16120.0
ICICIBANK,2023.0,121067.0,87864.0,-17341.0
CANBK,2021.0,70253.0,43437.0,-18367.0
ICICIBANK,2022.0,95407.0,80798.0,-26558.0
ICICIBANK,2016.0,59294.0,52252.0,-26955.0
ICICIBANK,2017.0,60940.0,63841.0,-37737.0
HDFCBANK,2024.0,283649.0,174196.0,-44685.0
ICICIBANK,2021.0,89163.0,91309.0,-44805.0
ICICIBANK,2018.0,62162.0,72806.0,-44906.0
ICICIBANK,2020.0,84836.0,85361.0,-45190.0
ICICIBANK,2019.0,71982.0,83775.0,-50971.0
