company_id,year,net_profit,previous_profit,profit_growth_pct
ABB,2012.0,145.0,,
ABB,2014.0,198.0,145.0,36.55172413793103
ABB,2015.0,229.0,198.0,15.656565656565657
ABB,2016.0,255.0,229.0,11.353711790393014
ABB,2017.0,277.0,255.0,8.627450980392156
ABB,2018.0,401.0,277.0,44.765342960288805
ABB,2019.0,450.0,401.0,12.219451371571072
ABB,2020.0,593.0,450.0,31.77777777777778
ABB,2021.0,691.0,593.0,16.526138279932546
ABB,2022.0,799.0,691.0,15.629522431259044
ABB,2023.0,949.0,799.0,18.773466833541928
ABB,2024.0,1201.0,949.0,26.55426765015806
ABB,,1285.0,1201.0,6.994171523730225
ADANIENSOL,2014.0,0.0,,
ADANIENSOL,2015.0,-7.0,0.0,-inf
ADANIENSOL,2016.0,368.0,-7.0,-5357.142857142857
ADANIENSOL,2017.0,416.0,368.0,13.043478260869565
ADANIENSOL,2018.0,1143.0,416.0,174.7596153846154
ADANIENSOL,2019.0,559.0,1143.0,-51.0936132983377
ADANIENSOL,2020.0,706.0,559.0,26.29695885509839
ADANIENSOL,2021.0,1290.0,706.0,82.71954674220963
ADANIENSOL,2022.0,1236.0,1290.0,-4.186046511627907
ADANIENSOL,2023.0,1281.0,1236.0,3.640776699029126
ADANIENSOL,2024.0,1196.0,1281.0,-6.63544106167057
ADANIENSOL,,589.0,1196.0,-50.75250836120402
ADANIENT,2013.0,1218.0,,
ADANIENT,2014.0,2646.0,1218.0,117.24137931034481
ADANIENT,2015.0,2298.0,2646.0,-13.151927437641723
ADANIENT,2016.0,1000.0,2298.0,-56.48389904264578
ADANIENT,2017.0,925.0,1000.0,-7.5
ADANIENT,2018.0,594.0,925.0,-35.78378378378378
ADANIENT,2019.0,506.0,594.0,-14.814814814814813
ADANIENT,2020.0,1040.0,506.0,105.53359683794466
ADANIENT,2021.0,1046.0,1040.0,0.576923076923077
ADANIENT,2022.0,788.0,1046.0,-24.665391969407267
ADANIENT,2023.0,2422.0,788.0,207.36040609137058
ADANIENT,2024.0,3335.0,2422.0,37.696118909991746
ADANIENT,,6086.0,3335.0,82.4887556221889
ADANIGREEN,2017.0,-47.0,,
ADANIGREEN,2018.0,-138.0,-47.0,193.61702127659575
ADANIGREEN,2019.0,-475.0,-138.0,244.20289855072465
ADANIGREEN,2020.0,-68.0,-475.0,-85.68421052631578
ADANIGREEN,2021.0,182.0,-68.0,-367.6470588235294
ADANIGREEN,2022.0,489.0,182.0,168.6813186813187
ADANIGREEN,2023.0,973.0,489.0,98.97750511247445
ADANIGREEN,2024.0,1260.0,973.0,29.496402877697843
ADANIGREEN,,1928.0,1260.0,53.01587301587302
ADANIPORTS,2013.0,1639.0,,
ADANIPORTS,2013.0,1639.0,1639.0,0.0
ADANIPORTS,2014.0,1741.0,1639.0,6.223306894447834
ADANIPORTS,2014.0,1741.0,1741.0,0.0
ADANIPORTS,2015.0,2324.0,1741.0,33.48650201033889
ADANIPORTS,2015.0,2324.0,2324.0,0.0
ADANIPORTS,2016.0,2856.0,2324.0,22.89156626506024
ADANIPORTS,2016.0,2856.0,2856.0,0.0
ADANIPORTS,2017.0,3902.0,2856.0,36.62464985994397
ADANIPORTS,2017.0,3902.0,3902.0,0.0
ADANIPORTS,2018.0,3690.0,3902.0,-5.433111225012814
ADANIPORTS,2018.0,3690.0,3690.0,0.0
ADANIPORTS,2019.0,4045.0,3690.0,9.620596205962059
ADANIPORTS,2019.0,4045.0,4045.0,0.0
ADANIPORTS,2020.0,3785.0,4045.0,-6.427688504326329
ADANIPORTS,2020.0,3785.0,3785.0,0.0
ADANIPORTS,2021.0,5049.0,3785.0,33.39498018494055
ADANIPORTS,2021.0,5049.0,5049.0,0.0
ADANIPORTS,2022.0,4953.0,5049.0,-1.9013666072489603
ADANIPORTS,2022.0,4953.0,4953.0,0.0
ADANIPORTS,2023.0,5391.0,4953.0,8.84312537855845
ADANIPORTS,2023.0,5391.0,5391.0,0.0
ADANIPORTS,2024.0,8104.0,5391.0,50.32461509923948
ADANIPORTS,2024.0,8104.0,8104.0,0.0
ADANIPORTS,,9743.0,8104.0,20.224580454096742
ADANIPORTS,,9743.0,9743.0,0.0
ADANIPOWER,2013.0,-2295.0,,
ADANIPOWER,2014.0,-291.0,-2295.0,-87.3202614379085
ADANIPOWER,2015.0,-816.0,-291.0,180.41237113402062
ADANIPOWER,2016.0,551.0,-816.0,-167.52450980392157
ADANIPOWER,2017.0,-6174.0,551.0,-1220.508166969147
ADANIPOWER,2018.0,-2103.0,-6174.0,-65.93780369290573
ADANIPOWER,2019.0,-984.0,-2103.0,-53.20970042796006
ADANIPOWER,2020.0,-2275.0,-984.0,131.1991869918699
ADANIPOWER,2021.0,1270.0,-2275.0,-155.82417582417582
ADANIPOWER,2022.0,4912.0,1270.0,286.7716535433071
ADANIPOWER,2023.0,10727.0,4912.0,118.38355048859934
ADANIPOWER,2024.0,20829.0,10727.0,94.17358068425469
ADANIPOWER,,12686.0,20829.0,-39.094531662585815
AMBUJACEM,2012.0,1292.0,,
AMBUJACEM,2013.0,1278.0,1292.0,-1.08359133126935
AMBUJACEM,2014.0,1487.0,1278.0,16.353677621283254
AMBUJACEM,2015.0,808.0,1487.0,-45.66240753194351
AMBUJACEM,2016.0,1434.0,808.0,77.47524752475248
AMBUJACEM,2017.0,1945.0,1434.0,35.634588563458856
AMBUJACEM,2018.0,2973.0,1945.0,52.85347043701799
AMBUJACEM,2019.0,2783.0,2973.0,-6.390850992263706
AMBUJACEM,2020.0,3107.0,2783.0,11.64211282788358
AMBUJACEM,2021.0,3711.0,3107.0,19.439974251689733
AMBUJACEM,2023.0,3024.0,3711.0,-18.512530315278898
AMBUJACEM,2024.0,4738.0,3024.0,56.67989417989418
AMBUJACEM,,3871.0,4738.0,-18.298860278598564
APOLLOHOSP,2013.0,303.0,,
APOLLOHOSP,2014.0,315.0,303.0,3.9603960396039604
APOLLOHOSP,2015.0,335.0,315.0,6.349206349206349
APOLLOHOSP,2016.0,235.0,335.0,-29.850746268656714
APOLLOHOSP,2017.0,131.0,235.0,-44.25531914893617
APOLLOHOSP,2018.0,60.0,131.0,-54.19847328244275
APOLLOHOSP,2019.0,200.0,60.0,233.33333333333334
APOLLOHOSP,2020.0,432.0,200.0,115.99999999999999
APOLLOHOSP,2021.0,137.0,432.0,-68.28703703703704
APOLLOHOSP,2022.0,1108.0,137.0,708.7591240875913
APOLLOHOSP,2023.0,844.0,1108.0,-23.826714801444044
APOLLOHOSP,2024.0,935.0,844.0,10.781990521327014
APOLLOHOSP,,1224.0,935.0,30.909090909090907
ASIANPAINT,2013.0,1160.0,,
ASIANPAINT,2014.0,1263.0,1160.0,8.879310344827585
ASIANPAINT,2015.0,1427.0,1263.0,12.984956452889945
ASIANPAINT,2016.0,1803.0,1427.0,26.3489838822705
ASIANPAINT,2017.0,2016.0,1803.0,11.813643926788686
ASIANPAINT,2018.0,2098.0,2016.0,4.067460317460317
ASIANPAINT,2019.0,2208.0,2098.0,5.243088655862726
ASIANPAINT,2020.0,2774.0,2208.0,25.63405797101449
ASIANPAINT,2021.0,3207.0,2774.0,15.609228550829126
ASIANPAINT,2022.0,3085.0,3207.0,-3.8041783598378545
ASIANPAINT,2023.0,4195.0,3085.0,35.980551053484604
ASIANPAINT,2024.0,5558.0,4195.0,32.49106078665078
ASIANPAINT,,4631.0,5558.0,-16.678661388988843
ATGL,2018.0,162.0,,
ATGL,2019.0,229.0,162.0,41.358024691358025
ATGL,2020.0,436.0,229.0,90.39301310043668
ATGL,2021.0,463.0,436.0,6.192660550458716
ATGL,2022.0,509.0,463.0,9.935205183585314
ATGL,2023.0,546.0,509.0,7.269155206286837
ATGL,2024.0,668.0,546.0,22.344322344322347
ATGL,,668.0,668.0,0.0
AXISBANK,2013.0,5179.0,,
AXISBANK,2014.0,6218.0,5179.0,20.061787989959452
AXISBANK,2015.0,7358.0,6218.0,18.333869411386296
AXISBANK,2016.0,8224.0,7358.0,11.76950258222343
AXISBANK,2017.0,3679.0,8224.0,-55.26507782101168
AXISBANK,2018.0,276.0,3679.0,-92.49796140255503
AXISBANK,2019.0,4677.0,276.0,1594.5652173913043
AXISBANK,2020.0,1627.0,4677.0,-65.21274321146034
AXISBANK,2021.0,6588.0,1627.0,304.91702519975416
AXISBANK,2022.0,13025.0,6588.0,97.70795385549485
AXISBANK,2023.0,9580.0,13025.0,-26.449136276391556
AXISBANK,2024.0,24861.0,9580.0,159.50939457202503
AXISBANK,,26386.0,24861.0,6.1341056272877195
BAJAJ-AUTO,2013.0,3133.0,,
BAJAJ-AUTO,2014.0,3380.0,3133.0,7.883817427385892
BAJAJ-AUTO,2015.0,3026.0,3380.0,-10.47337278106509
BAJAJ-AUTO,2016.0,4061.0,3026.0,34.20356906807667
BAJAJ-AUTO,2017.0,4079.0,4061.0,0.4432405811376508
BAJAJ-AUTO,2018.0,4219.0,4079.0,3.4322137778867368
BAJAJ-AUTO,2019.0,4928.0,4219.0,16.804930078217588
BAJAJ-AUTO,2020.0,5212.0,4928.0,5.762987012987013
BAJAJ-AUTO,2021.0,4857.0,5212.0,-6.811204911742133
BAJAJ-AUTO,2022.0,6166.0,4857.0,26.950792670372657
BAJAJ-AUTO,2023.0,6060.0,6166.0,-1.7191047680830358
BAJAJ-AUTO,2024.0,7708.0,6060.0,27.19471947194719
BAJAJ-AUTO,,7371.0,7708.0,-4.372080954852102
BAJAJFINSV,2013.0,2214.0,,
BAJAJFINSV,2014.0,2191.0,2214.0,-1.038843721770551
BAJAJFINSV,2015.0,2409.0,2191.0,9.949794614331356
BAJAJFINSV,2016.0,2775.0,2409.0,15.193026151930262
BAJAJFINSV,2017.0,3450.0,2775.0,24.324324324324326
BAJAJFINSV,2018.0,4176.0,3450.0,21.043478260869566
BAJAJFINSV,2019.0,5374.0,4176.0,28.68773946360153
BAJAJFINSV,2020.0,5994.0,5374.0,11.537030145143284
BAJAJFINSV,2021.0,7367.0,5994.0,22.90623957290624
BAJAJFINSV,2022.0,8314.0,7367.0,12.854621962807114
BAJAJFINSV,2023.0,12210.0,8314.0,46.86071686312244
BAJAJFINSV,2024.0,15595.0,12210.0,27.723177723177724
BAJAJFINSV,,16520.0,15595.0,5.931388265469701
BAJAJHLDNG,2013.0,1856.0,,
BAJAJHLDNG,2014.0,1988.0,1856.0,7.112068965517242
BAJAJHLDNG,2015.0,2029.0,1988.0,2.062374245472837
BAJAJHLDNG,2016.0,2265.0,2029.0,11.631345490389354
BAJAJHLDNG,2017.0,2473.0,2265.0,9.183222958057396
BAJAJHLDNG,2018.0,2655.0,2473.0,7.359482410028306
BAJAJHLDNG,2019.0,3048.0,2655.0,14.80225988700565
BAJAJHLDNG,2020.0,3080.0,3048.0,1.0498687664041995
BAJAJHLDNG,2021.0,3654.0,3080.0,18.636363636363637
BAJAJHLDNG,2022.0,4126.0,3654.0,12.91735084838533
BAJAJHLDNG,2023.0,4946.0,4126.0,19.873969946679594
BAJAJHLDNG,2024.0,7365.0,4946.0,48.90820865345734
BAJAJHLDNG,,7486.0,7365.0,1.642905634758995
BAJFINANCE,2015.0,898.0,,
BAJFINANCE,2016.0,1279.0,898.0,42.42761692650334
BAJFINANCE,2017.0,1836.0,1279.0,43.54964816262705
BAJFINANCE,2018.0,2496.0,1836.0,35.947712418300654
BAJFINANCE,2019.0,3995.0,2496.0,60.056089743589745
BAJFINANCE,2020.0,5264.0,3995.0,31.76470588235294
BAJFINANCE,2021.0,4420.0,5264.0,-16.033434650455927
BAJFINANCE,2022.0,7028.0,4420.0,59.00452488687783
BAJFINANCE,2023.0,11508.0,7028.0,63.745019920318725
BAJFINANCE,2024.0,14451.0,11508.0,25.57351407716371
BAJFINANCE,,15389.0,14451.0,6.490900283717389
BANKBARODA,2013.0,4829.0,,
BANKBARODA,2014.0,5036.0,4829.0,4.28660178090702
BANKBARODA,2015.0,3950.0,5036.0,-21.564733915806194
BANKBARODA,2016.0,-5033.0,3950.0,-227.41772151898735
BANKBARODA,2017.0,1855.0,-5033.0,-136.8567454798331
BANKBARODA,2018.0,-1836.0,1855.0,-198.9757412398922
BANKBARODA,2019.0,1166.0,-1836.0,-163.50762527233115
BANKBARODA,2020.0,981.0,1166.0,-15.866209262435676
BANKBARODA,2021.0,1620.0,981.0,65.13761467889908
BANKBARODA,2022.0,7933.0,1620.0,389.6913580246914
BANKBARODA,2023.0,15005.0,7933.0,89.14660279843692
BANKBARODA,2024.0,18869.0,15005.0,25.751416194601802
BANKBARODA,,20144.0,18869.0,6.7571148444538665
BEL,2013.0,911.0,,
BEL,2014.0,952.0,911.0,4.500548847420418
BEL,2015.0,1197.0,952.0,25.735294117647058
BEL,2016.0,1337.0,1197.0,11.695906432748536
BEL,2017.0,1523.0,1337.0,13.911742707554225
BEL,2018.0,1431.0,1523.0,-6.040709126723572
BEL,2019.0,1887.0,1431.0,31.865828092243188
BEL,2020.0,1825.0,1887.0,-3.2856385797562266
BEL,2021.0,2100.0,1825.0,15.068493150684931
BEL,2022.0,2400.0,2100.0,14.285714285714285
BEL,2023.0,2986.0,2400.0,24.416666666666668
BEL,2024.0,3985.0,2986.0,33.45612860013396
BEL,,4541.0,3985.0,13.952321204516938
BHARTIARTL,2013.0,2267.0,,
BHARTIARTL,2014.0,3019.0,2267.0,33.17159241288046
BHARTIARTL,2015.0,5048.0,3019.0,67.20768466379596
BHARTIARTL,2016.0,6893.0,5048.0,36.54912836767036
BHARTIARTL,2017.0,4241.0,6893.0,-38.473814014217325
BHARTIARTL,2018.0,2184.0,4241.0,-48.502711624616836
BHARTIARTL,2019.0,1688.0,2184.0,-22.71062271062271
BHARTIARTL,2020.0,-30664.0,1688.0,-1916.5876777251185
BHARTIARTL,2021.0,-12364.0,-30664.0,-59.67910253065484
BHARTIARTL,2022.0,8305.0,-12364.0,-167.17081850533808
BHARTIARTL,2023.0,12287.0,8305.0,47.94701986754967
BHARTIARTL,2024.0,8558.0,12287.0,-30.349149507609667
BHARTIARTL,,13816.0,8558.0,61.43958868894601
BHEL,2013.0,6693.0,,
BHEL,2014.0,3502.0,6693.0,-47.67667712535485
BHEL,2015.0,1450.0,3502.0,-58.59508852084523
BHEL,2016.0,-706.0,1450.0,-148.68965517241378
BHEL,2017.0,455.0,-706.0,-164.44759206798867
BHEL,2018.0,438.0,455.0,-3.7362637362637363
BHEL,2019.0,1002.0,438.0,128.76712328767124
BHEL,2020.0,-1468.0,1002.0,-246.50698602794412
BHEL,2021.0,-2700.0,-1468.0,83.92370572207084
BHEL,2022.0,445.0,-2700.0,-116.48148148148148
BHEL,2023.0,654.0,445.0,46.96629213483146
BHEL,2024.0,282.0,654.0,-56.88073394495413
BHEL,,445.0,282.0,57.801418439716315
BOSCHLTD,2012.0,958.0,,
BOSCHLTD,2013.0,885.0,958.0,-7.620041753653445
BOSCHLTD,2015.0,1338.0,885.0,51.186440677966104
BOSCHLTD,2016.0,1531.0,1338.0,14.424514200298955
BOSCHLTD,2017.0,1741.0,1531.0,13.716525146962768
BOSCHLTD,2018.0,1371.0,1741.0,-21.25215393452039
BOSCHLTD,2019.0,1598.0,1371.0,16.557257476294676
BOSCHLTD,2020.0,650.0,1598.0,-59.32415519399249
BOSCHLTD,2021.0,482.0,650.0,-25.846153846153847
BOSCHLTD,2022.0,1217.0,482.0,152.4896265560166
BOSCHLTD,2023.0,1424.0,1217.0,17.009038619556286
BOSCHLTD,2024.0,2490.0,1424.0,74.85955056179775
BOSCHLTD,,2084.0,2490.0,-16.305220883534137
BPCL,2013.0,1936.0,,
BPCL,2014.0,4053.0,1936.0,109.349173553719
BPCL,2015.0,5082.0,4053.0,25.38860103626943
BPCL,2016.0,8089.0,5082.0,59.16961826052736
BPCL,2017.0,9507.0,8089.0,17.529978983805165
BPCL,2018.0,9792.0,9507.0,2.9977911012937835
BPCL,2019.0,8528.0,9792.0,-12.908496732026146
BPCL,2020.0,3666.0,8528.0,-57.012195121951216
BPCL,2021.0,17320.0,3666.0,372.4495362793235
BPCL,2022.0,11682.0,17320.0,-32.55196304849884
BPCL,2023.0,2131.0,11682.0,-81.7582605718199
BPCL,2024.0,26859.0,2131.0,1160.3941811356171
BPCL,,13734.0,26859.0,-48.866301798279906
BRITANNIA,2013.0,260.0,,
BRITANNIA,2014.0,395.0,260.0,51.92307692307693
BRITANNIA,2015.0,689.0,395.0,74.43037974683544
BRITANNIA,2016.0,825.0,689.0,19.738751814223512
BRITANNIA,2017.0,885.0,825.0,7.2727272727272725
BRITANNIA,2018.0,1004.0,885.0,13.446327683615818
BRITANNIA,2019.0,1155.0,1004.0,15.0398406374502
BRITANNIA,2020.0,1394.0,1155.0,20.692640692640694
BRITANNIA,2021.0,1851.0,1394.0,32.78335724533716
BRITANNIA,2022.0,1516.0,1851.0,-18.09832522960562
BRITANNIA,2023.0,2316.0,1516.0,52.770448548812666
BRITANNIA,2024.0,2134.0,2316.0,-7.858376511226252
BRITANNIA,,2129.0,2134.0,-0.23430178069353325
CANBK,2013.0,2995.0,,
CANBK,2014.0,2672.0,2995.0,-10.784641068447412
CANBK,2015.0,2931.0,2672.0,9.693113772455089
CANBK,2016.0,-2535.0,2931.0,-186.48925281473902
CANBK,2017.0,1411.0,-2535.0,-155.66074950690336
CANBK,2018.0,-3873.0,1411.0,-374.48618001417435
CANBK,2019.0,696.0,-3873.0,-117.97056545313711
CANBK,2020.0,-1921.0,696.0,-376.00574712643675
CANBK,2021.0,2957.0,-1921.0,-253.9302446642374
CANBK,2022.0,6158.0,2957.0,108.25160635779507
CANBK,2023.0,11345.0,6158.0,84.23189347190646
CANBK,2024.0,15401.0,11345.0,35.75143234905245
CANBK,,16571.0,15401.0,7.596909291604441
CHOLAFIN,2013.0,308.0,,
CHOLAFIN,2014.0,368.0,308.0,19.480519480519483
CHOLAFIN,2015.0,444.0,368.0,20.652173913043477
CHOLAFIN,2016.0,575.0,444.0,29.504504504504503
CHOLAFIN,2017.0,718.0,575.0,24.869565217391305
CHOLAFIN,2018.0,918.0,718.0,27.85515320334262
CHOLAFIN,2019.0,1197.0,918.0,30.392156862745097
CHOLAFIN,2020.0,1054.0,1197.0,-11.946532999164578
CHOLAFIN,2021.0,1521.0,1054.0,44.30740037950664
CHOLAFIN,2022.0,2154.0,1521.0,41.61735700197239
CHOLAFIN,2023.0,2665.0,2154.0,23.72330547818013
CHOLAFIN,2024.0,3420.0,2665.0,28.330206378986865
CHOLAFIN,,3852.0,3420.0,12.631578947368421
CIPLA,2013.0,1545.0,,
CIPLA,2014.0,1404.0,1545.0,-9.12621359223301
CIPLA,2015.0,1229.0,1404.0,-12.464387464387466
CIPLA,2016.0,1383.0,1229.0,12.530512611879576
CIPLA,2017.0,1035.0,1383.0,-25.16268980477224
CIPLA,2018.0,1417.0,1035.0,36.908212560386474
CIPLA,2019.0,1492.0,1417.0,5.29287226534933
CIPLA,2020.0,1500.0,1492.0,0.5361930294906166
CIPLA,2021.0,2389.0,1500.0,59.266666666666666
CIPLA,2022.0,2547.0,2389.0,6.613645876935957
CIPLA,2023.0,2833.0,2547.0,11.228896741264233
CIPLA,2024.0,4154.0,2833.0,46.62901517825627
CIPLA,,4987.0,4154.0,20.05296100144439
COALINDIA,2013.0,17356.0,,
COALINDIA,2014.0,15112.0,17356.0,-12.929246370131366
COALINDIA,2015.0,13727.0,15112.0,-9.164902064584437
COALINDIA,2016.0,14267.0,13727.0,3.933852990456764
COALINDIA,2017.0,9280.0,14267.0,-34.95479077591645
COALINDIA,2018.0,7038.0,9280.0,-24.15948275862069
COALINDIA,2019.0,17464.0,7038.0,148.13867576015915
COALINDIA,2020.0,16700.0,17464.0,-4.3747136967475955
COALINDIA,2021.0,12702.0,16700.0,-23.940119760479043
COALINDIA,2022.0,17378.0,12702.0,36.813100299165484
COALINDIA,2023.0,31723.0,17378.0,82.5468983772586
COALINDIA,2024.0,37369.0,31723.0,17.79781231283296
COALINDIA,,34350.0,37369.0,-8.078888918622388
DABUR,2013.0,766.0,,
DABUR,2014.0,916.0,766.0,19.5822454308094
DABUR,2015.0,1068.0,916.0,16.593886462882097
DABUR,2016.0,1254.0,1068.0,17.415730337078653
DABUR,2017.0,1280.0,1254.0,2.073365231259968
DABUR,2018.0,1358.0,1280.0,6.09375
DABUR,2019.0,1446.0,1358.0,6.480117820324007
DABUR,2020.0,1448.0,1446.0,0.13831258644536654
DABUR,2021.0,1695.0,1448.0,17.058011049723756
DABUR,2022.0,1742.0,1695.0,2.7728613569321534
DABUR,2023.0,1701.0,1742.0,-2.3536165327210106
DABUR,2024.0,1811.0,1701.0,6.466784244562023
DABUR,,1760.0,1811.0,-2.816123688569851
DIVISLAB,2013.0,602.0,,
DIVISLAB,2014.0,773.0,602.0,28.405315614617937
DIVISLAB,2015.0,852.0,773.0,10.219922380336351
DIVISLAB,2016.0,1126.0,852.0,32.159624413145536
DIVISLAB,2017.0,1060.0,1126.0,-5.86145648312611
DIVISLAB,2018.0,877.0,1060.0,-17.264150943396224
DIVISLAB,2019.0,1353.0,877.0,54.27594070695553
DIVISLAB,2020.0,1377.0,1353.0,1.7738359201773837
DIVISLAB,2021.0,1984.0,1377.0,44.08133623819898
DIVISLAB,2022.0,2960.0,1984.0,49.193548387096776
DIVISLAB,2023.0,1824.0,2960.0,-38.37837837837838
DIVISLAB,2024.0,1600.0,1824.0,-12.280701754385964
DIVISLAB,,1836.0,1600.0,14.75
DLF,2013.0,667.0,,
DLF,2014.0,590.0,667.0,-11.544227886056973
DLF,2015.0,507.0,590.0,-14.067796610169491
DLF,2016.0,305.0,507.0,-39.8422090729783
DLF,2017.0,708.0,305.0,132.13114754098362
DLF,2018.0,4477.0,708.0,532.3446327683616
DLF,2019.0,1314.0,4477.0,-70.64998883180701
DLF,2020.0,-590.0,1314.0,-144.90106544901064
DLF,2021.0,1083.0,-590.0,-283.5593220338983
DLF,2022.0,1500.0,1083.0,38.504155124653735
DLF,2023.0,2034.0,1500.0,35.6
DLF,2024.0,2724.0,2034.0,33.92330383480826
DLF,,4004.0,2724.0,46.98972099853157
DMART,2013.0,94.0,,
DMART,2014.0,161.0,94.0,71.27659574468085
DMART,2015.0,212.0,161.0,31.67701863354037
DMART,2016.0,320.0,212.0,50.943396226415096
DMART,2017.0,479.0,320.0,49.6875
DMART,2018.0,806.0,479.0,68.26722338204593
DMART,2019.0,902.0,806.0,11.910669975186105
DMART,2020.0,1301.0,902.0,44.2350332594235
DMART,2021.0,1099.0,1301.0,-15.526518063028439
DMART,2022.0,1492.0,1099.0,35.75978161965423
DMART,2023.0,2378.0,1492.0,59.383378016085786
DMART,2024.0,2536.0,2378.0,6.644238856181666
DMART,,2720.0,2536.0,7.255520504731862
DRREDDY,2013.0,1527.0,,
DRREDDY,2014.0,1963.0,1527.0,28.552717747216764
DRREDDY,2015.0,2336.0,1963.0,19.001528273051452
DRREDDY,2016.0,2131.0,2336.0,-8.77568493150685
DRREDDY,2017.0,1292.0,2131.0,-39.37118723603942
DRREDDY,2018.0,947.0,1292.0,-26.702786377708975
DRREDDY,2019.0,1950.0,947.0,105.91341077085534
DRREDDY,2020.0,2026.0,1950.0,3.897435897435898
DRREDDY,2021.0,1952.0,2026.0,-3.652517275419546
DRREDDY,2022.0,2182.0,1952.0,11.782786885245903
DRREDDY,2023.0,4507.0,2182.0,106.55362053162236
DRREDDY,2024.0,5578.0,4507.0,23.763035278455735
DRREDDY,,5448.0,5578.0,-2.3305844388669774
EICHERMOT,2012.0,475.0,,
EICHERMOT,2013.0,525.0,475.0,10.526315789473683
EICHERMOT,2014.0,702.0,525.0,33.714285714285715
EICHERMOT,2016.0,1338.0,702.0,90.5982905982906
EICHERMOT,2017.0,1667.0,1338.0,24.588938714499253
EICHERMOT,2018.0,1960.0,1667.0,17.57648470305939
EICHERMOT,2019.0,2203.0,1960.0,12.39795918367347
EICHERMOT,2020.0,1827.0,2203.0,-17.067635043123015
EICHERMOT,2021.0,1347.0,1827.0,-26.272577996715928
EICHERMOT,2022.0,1677.0,1347.0,24.4988864142539
EICHERMOT,2023.0,2914.0,1677.0,73.76267143709005
EICHERMOT,2024.0,4001.0,2914.0,37.302676733013044
EICHERMOT,,4268.0,4001.0,6.67333166708323
GAIL,2013.0,4367.0,,
GAIL,2014.0,4786.0,4367.0,9.594687428440576
GAIL,2015.0,3160.0,4786.0,-33.97409109903886
GAIL,2016.0,1874.0,3160.0,-40.69620253164557
GAIL,2017.0,3374.0,1874.0,80.042689434365
GAIL,2018.0,4805.0,3374.0,42.412566686425606
GAIL,2019.0,6553.0,4805.0,36.37877211238293
GAIL,2020.0,9515.0,6553.0,45.20067144819167
GAIL,2021.0,6143.0,9515.0,-35.438780872306886
GAIL,2022.0,12304.0,6143.0,100.2930164414781
GAIL,2023.0,5596.0,12304.0,-54.518855656697006
GAIL,2024.0,9903.0,5596.0,76.96568977841315
GAIL,,11541.0,9903.0,16.540442290215086
GODREJCP,2013.0,845.0,,
GODREJCP,2014.0,819.0,845.0,-3.076923076923077
GODREJCP,2015.0,976.0,819.0,19.169719169719173
GODREJCP,2016.0,831.0,976.0,-14.856557377049182
GODREJCP,2017.0,1308.0,831.0,57.400722021660656
GODREJCP,2018.0,1634.0,1308.0,24.92354740061162
GODREJCP,2019.0,2342.0,1634.0,43.329253365973074
GODREJCP,2020.0,1497.0,2342.0,-36.080273270708794
GODREJCP,2021.0,1721.0,1497.0,14.963259853039412
GODREJCP,2022.0,1783.0,1721.0,3.602556653108658
GODREJCP,2023.0,1702.0,1783.0,-4.542905215928211
GODREJCP,2024.0,-561.0,1702.0,-132.96122209165688
GODREJCP,,-453.0,-561.0,-19.25133689839572
GRASIM,2013.0,3778.0,,
GRASIM,2014.0,2954.0,3778.0,-21.81048173636845
GRASIM,2015.0,2582.0,2954.0,-12.593094109681788
GRASIM,2016.0,3455.0,2582.0,33.81099922540666
GRASIM,2017.0,4246.0,3455.0,22.894356005788712
GRASIM,2018.0,3688.0,4246.0,-13.141780499293453
GRASIM,2019.0,2745.0,3688.0,-25.569414316702822
GRASIM,2020.0,6639.0,2745.0,141.85792349726776
GRASIM,2021.0,6987.0,6639.0,5.241753276095797
GRASIM,2022.0,11206.0,6987.0,60.383569486188634
GRASIM,2023.0,11078.0,11206.0,-1.1422452257719078
GRASIM,2024.0,9926.0,11078.0,-10.398988987181802
GRASIM,,8693.0,9926.0,-12.421922224461012
HAL,2013.0,2997.0,,
HAL,2014.0,2693.0,2997.0,-10.143476810143477
HAL,2015.0,2388.0,2693.0,-11.325659116227255
HAL,2016.0,1998.0,2388.0,-16.331658291457288
HAL,2017.0,2616.0,1998.0,30.930930930930934
HAL,2018.0,1987.0,2616.0,-24.04434250764526
HAL,2019.0,2346.0,1987.0,18.067438349270258
HAL,2020.0,2842.0,2346.0,21.14236999147485
HAL,2021.0,3239.0,2842.0,13.969035890218157
HAL,2022.0,5086.0,3239.0,57.02377276937326
HAL,2023.0,5811.0,5086.0,14.254817145104207
HAL,2024.0,7595.0,5811.0,30.700395801066943
HAL,,8472.0,7595.0,11.547070441079658
HAVELLS,2013.0,581.0,,
HAVELLS,2014.0,446.0,581.0,-23.23580034423408
HAVELLS,2015.0,385.0,446.0,-13.67713004484305
HAVELLS,2016.0,1300.0,385.0,237.66233766233765
HAVELLS,2017.0,494.0,1300.0,-62.0
HAVELLS,2018.0,661.0,494.0,33.80566801619433
HAVELLS,2019.0,788.0,661.0,19.213313161875945
HAVELLS,2020.0,735.0,788.0,-6.725888324873096
HAVELLS,2021.0,1044.0,735.0,42.04081632653061
HAVELLS,2022.0,1196.0,1044.0,14.559386973180077
HAVELLS,2023.0,1072.0,1196.0,-10.367892976588628
HAVELLS,2024.0,1271.0,1072.0,18.563432835820894
HAVELLS,,1400.0,1271.0,10.149488591660111
HCLTECH,2013.0,4040.0,,
HCLTECH,2014.0,6528.0,4040.0,61.584158415841586
HCLTECH,2015.0,7342.0,6528.0,12.469362745098039
HCLTECH,2016.0,5602.0,7342.0,-23.69926450558431
HCLTECH,2017.0,8606.0,5602.0,53.623705819350235
HCLTECH,2018.0,8722.0,8606.0,1.3478968161747618
HCLTECH,2019.0,10120.0,8722.0,16.02843384544829
HCLTECH,2020.0,11057.0,10120.0,9.258893280632412
HCLTECH,2021.0,11169.0,11057.0,1.0129329836302794
HCLTECH,2022.0,13523.0,11169.0,21.076193034291343
HCLTECH,2023.0,14845.0,13523.0,9.775937292021002
HCLTECH,2024.0,15710.0,14845.0,5.826877736611654
HCLTECH,,17085.0,15710.0,8.752387014640355
HDFCBANK,2013.0,6903.0,,
HDFCBANK,2014.0,8768.0,6903.0,27.01723888164566
HDFCBANK,2015.0,10703.0,8768.0,22.068886861313867
HDFCBANK,2016.0,12821.0,10703.0,19.788844249275904
HDFCBANK,2017.0,15317.0,12821.0,19.46806021371188
HDFCBANK,2018.0,18561.0,15317.0,21.17908206567866
HDFCBANK,2019.0,22446.0,18561.0,20.93098432196541
HDFCBANK,2020.0,27296.0,22446.0,21.60741334758977
HDFCBANK,2021.0,31857.0,27296.0,16.70940797186401
HDFCBANK,2022.0,38151.0,31857.0,19.75703926923439
HDFCBANK,2023.0,46149.0,38151.0,20.96406385153731
HDFCBANK,2024.0,65446.0,46149.0,41.814557195172156
HDFCBANK,,72168.0,65446.0,10.271063166580081
HDFCLIFE,2013.0,447.0,,
HDFCLIFE,2014.0,725.0,447.0,62.19239373601789
HDFCLIFE,2015.0,786.0,725.0,8.413793103448276
HDFCLIFE,2016.0,817.0,786.0,3.9440203562340965
HDFCLIFE,2017.0,887.0,817.0,8.567931456548347
HDFCLIFE,2018.0,1107.0,887.0,24.80270574971815
HDFCLIFE,2019.0,1278.0,1107.0,15.447154471544716
HDFCLIFE,2020.0,1297.0,1278.0,1.486697965571205
HDFCLIFE,2021.0,1361.0,1297.0,4.934464148033924
HDFCLIFE,2022.0,1327.0,1361.0,-2.4981631153563555
HDFCLIFE,2023.0,1368.0,1327.0,3.089675960813866
HDFCLIFE,2024.0,1574.0,1368.0,15.058479532163743
HDFCLIFE,,1747.0,1574.0,10.99110546378653
HEROMOTOCO,2014.0,2102.0,,
HEROMOTOCO,2015.0,2364.0,2102.0,12.464319695528069
HEROMOTOCO,2016.0,3112.0,2364.0,31.64128595600677
HEROMOTOCO,2017.0,3546.0,3112.0,13.946015424164523
HEROMOTOCO,2018.0,3722.0,3546.0,4.963338973491258
HEROMOTOCO,2019.0,3466.0,3722.0,-6.878022568511553
HEROMOTOCO,2020.0,3659.0,3466.0,5.568378534333526
HEROMOTOCO,2021.0,2936.0,3659.0,-19.75949713036349
HEROMOTOCO,2022.0,2329.0,2936.0,-20.67438692098093
HEROMOTOCO,2023.0,2800.0,2329.0,20.22327179046801
HEROMOTOCO,2024.0,3742.0,2800.0,33.64285714285714
HEROMOTOCO,,4133.0,3742.0,10.44895777659006
HINDALCO,2013.0,3007.0,,
HINDALCO,2014.0,2195.0,3007.0,-27.003658131027603
HINDALCO,2015.0,259.0,2195.0,-88.2004555808656
HINDALCO,2016.0,-702.0,259.0,-371.04247104247105
HINDALCO,2017.0,1882.0,-702.0,-368.0911680911681
HINDALCO,2018.0,6083.0,1882.0,223.21997874601487
HINDALCO,2019.0,5495.0,6083.0,-9.666283084004602
HINDALCO,2020.0,3767.0,5495.0,-31.446769790718836
HINDALCO,2021.0,3483.0,3767.0,-7.5391558269179715
HINDALCO,2022.0,13730.0,3483.0,294.2004019523399
HINDALCO,2023.0,10097.0,13730.0,-26.460305899490166
HINDALCO,2024.0,10155.0,10097.0,0.5744280479350302
HINDALCO,,12488.0,10155.0,22.97390448055145
HINDUNILVR,2013.0,3839.0,,
HINDUNILVR,2014.0,3956.0,3839.0,3.047668663714509
HINDUNILVR,2015.0,4376.0,3956.0,10.616784630940344
HINDUNILVR,2016.0,4151.0,4376.0,-5.141681901279708
HINDUNILVR,2017.0,4490.0,4151.0,8.166706817634305
HINDUNILVR,2018.0,5227.0,4490.0,16.41425389755011
HINDUNILVR,2019.0,6060.0,5227.0,15.936483642624832
HINDUNILVR,2020.0,6756.0,6060.0,11.485148514851486
HINDUNILVR,2021.0,7999.0,6756.0,18.39846062759029
HINDUNILVR,2022.0,8892.0,7999.0,11.163895486935866
HINDUNILVR,2023.0,10143.0,8892.0,14.068825910931174
HINDUNILVR,2024.0,10282.0,10143.0,1.3704032337572711
HINDUNILVR,,10757.0,10282.0,4.6197237891460805
ICICIBANK,2013.0,10130.0,,
ICICIBANK,2014.0,11677.0,10130.0,15.27147087857848
ICICIBANK,2015.0,12942.0,11677.0,10.833261967971225
ICICIBANK,2016.0,10927.0,12942.0,-15.569463761397001
ICICIBANK,2017.0,11340.0,10927.0,3.779628443305574
ICICIBANK,2018.0,9100.0,11340.0,-19.753086419753085
ICICIBANK,2019.0,5689.0,9100.0,-37.48351648351648
ICICIBANK,2020.0,11225.0,5689.0,97.31059940235542
ICICIBANK,2021.0,20364.0,11225.0,81.4164810690423
ICICIBANK,2022.0,26538.0,20364.0,30.318208603417794
ICICIBANK,2023.0,35461.0,26538.0,33.62348330695607
ICICIBANK,2024.0,46081.0,35461.0,29.9483940103212
ICICIBANK,,52416.0,46081.0,13.747531520583319
ICICIGI,2013.0,353.0,,
ICICIGI,2014.0,520.0,353.0,47.30878186968839
ICICIGI,2015.0,585.0,520.0,12.5
ICICIGI,2016.0,507.0,585.0,-13.333333333333334
ICICIGI,2017.0,702.0,507.0,38.46153846153847
ICICIGI,2018.0,862.0,702.0,22.79202279202279
ICICIGI,2019.0,1049.0,862.0,21.69373549883991
ICICIGI,2020.0,1194.0,1049.0,13.822688274547188
ICICIGI,2021.0,1473.0,1194.0,23.366834170854272
ICICIGI,2022.0,1271.0,1473.0,-13.713509843856075
ICICIGI,2023.0,1729.0,1271.0,36.03461841070023
ICICIGI,2024.0,1919.0,1729.0,10.989010989010989
ICICIGI,,2518.0,1919.0,31.214174048983846
ICICIPRULI,2013.0,1515.0,,
ICICIPRULI,2014.0,1561.0,1515.0,3.036303630363036
ICICIPRULI,2015.0,1640.0,1561.0,5.060858424087124
ICICIPRULI,2016.0,1650.0,1640.0,0.6097560975609756
ICICIPRULI,2017.0,1682.0,1650.0,1.9393939393939394
ICICIPRULI,2018.0,1619.0,1682.0,-3.745541022592152
ICICIPRULI,2019.0,1139.0,1619.0,-29.64793082149475
ICICIPRULI,2020.0,1067.0,1139.0,-6.321334503950834
ICICIPRULI,2021.0,956.0,1067.0,-10.402999062792876
ICICIPRULI,2022.0,759.0,956.0,-20.606694560669457
ICICIPRULI,2023.0,813.0,759.0,7.114624505928854
ICICIPRULI,2024.0,851.0,813.0,4.674046740467404
ICICIPRULI,,974.0,851.0,14.45358401880141
INDIGO,2013.0,787.0,,
INDIGO,2014.0,474.0,787.0,-39.7712833545108
INDIGO,2015.0,1304.0,474.0,175.1054852320675
INDIGO,2016.0,1986.0,1304.0,52.30061349693251
INDIGO,2017.0,1659.0,1986.0,-16.46525679758308
INDIGO,2018.0,2242.0,1659.0,35.1416515973478
INDIGO,2019.0,156.0,2242.0,-93.04192685102586
INDIGO,2020.0,-248.0,156.0,-258.974358974359
INDIGO,2021.0,-6171.0,-248.0,2388.3064516129034
INDIGO,2022.0,-317.0,-6171.0,-94.86306919462
INDIGO,2023.0,-317.0,-317.0,-0.0
INDIGO,2024.0,8167.0,-317.0,-2676.340694006309
INDIGO,,6074.0,8167.0,-25.62752540712624
INDUSINDBK,2013.0,1061.0,,
INDUSINDBK,2014.0,1408.0,1061.0,32.704995287464655
INDUSINDBK,2015.0,1794.0,1408.0,27.41477272727273
INDUSINDBK,2016.0,2286.0,1794.0,27.424749163879596
INDUSINDBK,2017.0,2868.0,2286.0,25.45931758530184
INDUSINDBK,2018.0,3606.0,2868.0,25.732217573221757
INDUSINDBK,2019.0,3301.0,3606.0,-8.458125346644481
INDUSINDBK,2020.0,4418.0,3301.0,33.838230839139655
INDUSINDBK,2021.0,2836.0,4418.0,-35.808057944771384
INDUSINDBK,2022.0,4611.0,2836.0,62.58815232722144
INDUSINDBK,2023.0,7390.0,4611.0,60.26892214270223
INDUSINDBK,2024.0,8950.0,7390.0,21.10960757780785
INDUSINDBK,,8122.0,8950.0,-9.251396648044691
INFY,2013.0,9429.0,,
INFY,2014.0,10656.0,9429.0,13.013044861597201
INFY,2015.0,12372.0,10656.0,16.103603603603602
INFY,2016.0,13489.0,12372.0,9.028451341739412
INFY,2017.0,14353.0,13489.0,6.405219067388241
INFY,2018.0,16029.0,14353.0,11.677001323765067
INFY,2019.0,15410.0,16029.0,-3.8617505770790443
INFY,2020.0,16639.0,15410.0,7.975340687865022
INFY,2021.0,19423.0,16639.0,16.73177474607849
INFY,2022.0,22146.0,19423.0,14.019461463213714
INFY,2023.0,24108.0,22146.0,8.859387699810348
INFY,2024.0,26248.0,24108.0,8.876721420275427
INFY,,27687.0,26248.0,5.482322462663822
IOC,2013.0,3627.0,,
IOC,2014.0,6967.0,3627.0,92.08712434518887
IOC,2015.0,4872.0,6967.0,-30.07033156308311
IOC,2016.0,12413.0,4872.0,154.7824302134647
IOC,2017.0,20385.0,12413.0,64.22299202449045
IOC,2018.0,22626.0,20385.0,10.993377483443709
IOC,2019.0,17274.0,22626.0,-23.654203129143465
IOC,2020.0,-1876.0,17274.0,-110.86025240245456
IOC,2021.0,21762.0,-1876.0,-1260.0213219616205
IOC,2022.0,25727.0,21762.0,18.21983273596177
IOC,2023.0,11704.0,25727.0,-54.50693823609437
IOC,2024.0,43161.0,11704.0,268.7713602187286
IOC,,10909.0,43161.0,-74.7248673571048
IRCTC,2015.0,131.0,,
IRCTC,2016.0,189.0,131.0,44.274809160305345
IRCTC,2017.0,229.0,189.0,21.164021164021165
IRCTC,2018.0,221.0,229.0,-3.4934497816593884
IRCTC,2019.0,309.0,221.0,39.81900452488688
IRCTC,2020.0,513.0,309.0,66.01941747572816
IRCTC,2021.0,187.0,513.0,-63.547758284600384
IRCTC,2022.0,660.0,187.0,252.94117647058823
IRCTC,2023.0,1006.0,660.0,52.42424242424243
IRCTC,2024.0,1111.0,1006.0,10.43737574552684
IRCTC,,1200.0,1111.0,8.010801080108012
IRFC,2013.0,522.0,,
IRFC,2014.0,701.0,522.0,34.2911877394636
IRFC,2015.0,758.0,701.0,8.131241084165477
IRFC,2016.0,849.0,758.0,12.005277044854882
IRFC,2017.0,934.0,849.0,10.011778563015312
IRFC,2018.0,2055.0,934.0,120.02141327623126
IRFC,2019.0,2255.0,2055.0,9.732360097323602
IRFC,2020.0,3192.0,2255.0,41.55210643015521
IRFC,2021.0,4416.0,3192.0,38.34586466165413
IRFC,2022.0,6090.0,4416.0,37.90760869565217
IRFC,2023.0,6167.0,6090.0,1.264367816091954
IRFC,2024.0,6412.0,6167.0,3.9727582292849033
IRFC,,6537.0,6412.0,1.9494697442295694
ITC,2013.0,7704.0,,
ITC,2014.0,9001.0,7704.0,16.83541017653167
ITC,2015.0,9779.0,9001.0,8.643484057326964
ITC,2016.0,9501.0,9779.0,-2.842826464873709
ITC,2017.0,10477.0,9501.0,10.272602883906957
ITC,2018.0,11493.0,10477.0,9.69743247112723
ITC,2019.0,12836.0,11493.0,11.685373705733925
ITC,2020.0,15593.0,12836.0,21.47865378622624
ITC,2021.0,13383.0,15593.0,-14.173026357981144
ITC,2022.0,15503.0,13383.0,15.840992303668832
ITC,2023.0,19477.0,15503.0,25.63374830677933
ITC,2024.0,20751.0,19477.0,6.541048416080505
ITC,,20829.0,20751.0,0.3758854994940003
JINDALSTEL,2013.0,2952.0,,
JINDALSTEL,2014.0,1896.0,2952.0,-35.77235772357724
JINDALSTEL,2015.0,-1452.0,1896.0,-176.58227848101268
JINDALSTEL,2016.0,-3087.0,-1452.0,112.60330578512396
JINDALSTEL,2017.0,-2538.0,-3087.0,-17.784256559766764
JINDALSTEL,2018.0,-1616.0,-2538.0,-36.32781717888101
JINDALSTEL,2019.0,-2412.0,-1616.0,49.257425742574256
JINDALSTEL,2020.0,-400.0,-2412.0,-83.41625207296849
JINDALSTEL,2021.0,4267.0,-400.0,-1166.75
JINDALSTEL,2022.0,6766.0,4267.0,58.56573705179283
JINDALSTEL,2023.0,3974.0,6766.0,-41.26514927579072
JINDALSTEL,2024.0,5943.0,3974.0,49.54705586311022
JINDALSTEL,,5060.0,5943.0,-14.857815917886589
JIOFIN,2023.0,31.0,,
JIOFIN,2024.0,1605.0,31.0,5077.419354838709
JIOFIN,,1607.0,1605.0,0.12461059190031153
JSWENERGY,2013.0,901.0,,
JSWENERGY,2014.0,760.0,901.0,-15.64927857935627
JSWENERGY,2015.0,1358.0,760.0,78.6842105263158
JSWENERGY,2016.0,1460.0,1358.0,7.511045655375552
JSWENERGY,2017.0,623.0,1460.0,-57.32876712328767
JSWENERGY,2018.0,85.0,623.0,-86.35634028892456
JSWENERGY,2019.0,684.0,85.0,704.7058823529412
JSWENERGY,2020.0,1081.0,684.0,58.040935672514614
JSWENERGY,2021.0,823.0,1081.0,-23.866790009250693
JSWENERGY,2022.0,1743.0,823.0,111.78614823815309
JSWENERGY,2023.0,1480.0,1743.0,-15.088927137119908
JSWENERGY,2024.0,1725.0,1480.0,16.554054054054053
JSWENERGY,,1988.0,1725.0,15.246376811594203
JSWSTEEL,2013.0,929.0,,
JSWSTEEL,2014.0,402.0,929.0,-56.727664155005385
JSWSTEEL,2015.0,1722.0,402.0,328.3582089552239
JSWSTEEL,2016.0,-481.0,1722.0,-127.93263646922183
JSWSTEEL,2017.0,3467.0,-481.0,-820.7900207900208
JSWSTEEL,2018.0,6113.0,3467.0,76.3195846553216
JSWSTEEL,2019.0,7524.0,6113.0,23.081956486177
JSWSTEEL,2020.0,3919.0,7524.0,-47.91334396597555
JSWSTEEL,2021.0,7873.0,3919.0,100.89308497065579
JSWSTEEL,2022.0,20938.0,7873.0,165.94690715102246
JSWSTEEL,2023.0,4139.0,20938.0,-80.23211385996753
JSWSTEEL,2024.0,8973.0,4139.0,116.79149553032133
JSWSTEEL,,3312.0,8973.0,-63.08926780341023
KOTAKBANK,2013.0,2238.0,,
KOTAKBANK,2014.0,2527.0,2238.0,12.913315460232349
KOTAKBANK,2015.0,3105.0,2527.0,22.872971903442817
KOTAKBANK,2016.0,3524.0,3105.0,13.49436392914654
KOTAKBANK,2017.0,5019.0,3524.0,42.423382519863786
KOTAKBANK,2018.0,6258.0,5019.0,24.686192468619247
KOTAKBANK,2019.0,7204.0,6258.0,15.116650687120487
KOTAKBANK,2020.0,8593.0,7204.0,19.280955024986117
KOTAKBANK,2021.0,9990.0,8593.0,16.257418829279647
KOTAKBANK,2022.0,12089.0,9990.0,21.01101101101101
KOTAKBANK,2023.0,14925.0,12089.0,23.459343204566135
KOTAKBANK,2024.0,18213.0,14925.0,22.030150753768844
KOTAKBANK,,22530.0,18213.0,23.702849612913855
LICI,2019.0,2627.0,,
LICI,2020.0,2710.0,2627.0,3.1594975256947087
LICI,2021.0,2974.0,2710.0,9.74169741697417
LICI,2022.0,4125.0,2974.0,38.7020847343645
LICI,2023.0,35997.0,4125.0,772.6545454545454
LICI,2024.0,40916.0,35997.0,13.66502764119232
LICI,,41468.0,40916.0,1.349105484407078
LODHA,2011.0,264.0,,
LODHA,2012.0,381.0,264.0,44.31818181818182
LODHA,2015.0,798.0,381.0,109.4488188976378
LODHA,2016.0,703.0,798.0,-11.904761904761903
LODHA,2017.0,584.0,703.0,-16.927453769559033
LODHA,2018.0,794.0,584.0,35.95890410958904
LODHA,2019.0,1644.0,794.0,107.0528967254408
LODHA,2020.0,742.0,1644.0,-54.8661800486618
LODHA,2021.0,48.0,742.0,-93.53099730458221
LODHA,2022.0,1208.0,48.0,2416.666666666667
LODHA,2023.0,490.0,1208.0,-59.437086092715234
LODHA,2024.0,1554.0,490.0,217.14285714285714
LODHA,,2511.0,1554.0,61.58301158301158
LT,2013.0,5291.0,,
LT,2014.0,4885.0,5291.0,-7.673407673407673
LT,2015.0,4966.0,4885.0,1.6581371545547594
LT,2016.0,4592.0,4966.0,-7.531212243254128
LT,2017.0,6486.0,4592.0,41.24564459930314
LT,2018.0,8004.0,6486.0,23.404255319148938
LT,2019.0,10217.0,8004.0,27.648675662168916
LT,2020.0,10894.0,10217.0,6.626211216599785
LT,2021.0,12921.0,10894.0,18.60657242518818
LT,2022.0,10419.0,12921.0,-19.363826329231486
LT,2023.0,12531.0,10419.0,20.270659372300603
LT,2024.0,15547.0,12531.0,24.06831058973745
LT,,16150.0,15547.0,3.8785617804077956
LTIM,2013.0,562.0,,
LTIM,2014.0,996.0,562.0,77.22419928825623
LTIM,2015.0,769.0,996.0,-22.79116465863454
LTIM,2016.0,836.0,769.0,8.712613784135241
LTIM,2017.0,971.0,836.0,16.148325358851675
LTIM,2018.0,1112.0,971.0,14.521112255406798
LTIM,2019.0,1516.0,1112.0,36.330935251798564
LTIM,2020.0,1520.0,1516.0,0.2638522427440633
LTIM,2021.0,1938.0,1520.0,27.500000000000004
LTIM,2022.0,3950.0,1938.0,103.81836945304437
LTIM,2023.0,4410.0,3950.0,11.645569620253164
LTIM,2024.0,4585.0,4410.0,3.968253968253968
LTIM,,4574.0,4585.0,-0.23991275899672848
M&M,2013.0,4129.0,,
M&M,2014.0,5154.0,4129.0,24.824412690724145
M&M,2015.0,3381.0,5154.0,-34.400465657741556
M&M,2016.0,3554.0,3381.0,5.116829340431825
M&M,2017.0,4051.0,3554.0,13.984243106359031
M&M,2018.0,7958.0,4051.0,96.44532214268082
M&M,2019.0,6017.0,7958.0,-24.390550389545112
M&M,2020.0,-321.0,6017.0,-105.33488449393384
M&M,2021.0,1512.0,-321.0,-571.0280373831775
M&M,2022.0,7253.0,1512.0,379.6957671957672
M&M,2023.0,11374.0,7253.0,56.81786846822005
M&M,2024.0,12270.0,11374.0,7.877615614559522
M&M,,13009.0,12270.0,6.02281988590057
MARUTI,2013.0,2470.0,,
MARUTI,2014.0,2854.0,2470.0,15.546558704453442
MARUTI,2015.0,3809.0,2854.0,33.46180798878767
MARUTI,2016.0,5497.0,3809.0,44.31609346285114
MARUTI,2017.0,7511.0,5497.0,36.63816627251228
MARUTI,2018.0,7881.0,7511.0,4.926108374384237
MARUTI,2019.0,7651.0,7881.0,-2.9184113691155944
MARUTI,2020.0,5678.0,7651.0,-25.787478760946282
MARUTI,2021.0,4389.0,5678.0,-22.701655512504402
MARUTI,2022.0,3880.0,4389.0,-11.597174755069492
MARUTI,2023.0,8264.0,3880.0,112.98969072164948
MARUTI,2024.0,13488.0,8264.0,63.21393998063891
MARUTI,,14021.0,13488.0,3.9516607354685642
MOTHERSON,2013.0,452.0,,
MOTHERSON,2014.0,1097.0,452.0,142.6991150442478
MOTHERSON,2015.0,1292.0,1097.0,17.775752051048315
MOTHERSON,2016.0,1774.0,1292.0,37.306501547987615
MOTHERSON,2017.0,2172.0,1774.0,22.435174746335964
MOTHERSON,2018.0,2260.0,2172.0,4.051565377532229
MOTHERSON,2019.0,2098.0,2260.0,-7.168141592920355
MOTHERSON,2020.0,1294.0,2098.0,-38.322211630123924
MOTHERSON,2021.0,1569.0,1294.0,21.251931993817617
MOTHERSON,2022.0,1182.0,1569.0,-24.665391969407267
MOTHERSON,2023.0,1670.0,1182.0,41.28595600676819
MOTHERSON,2024.0,3020.0,1670.0,80.83832335329342
MOTHERSON,,4123.0,3020.0,36.52317880794702
NAUKRI,2013.0,76.0,,
NAUKRI,2014.0,60.0,76.0,-21.052631578947366
NAUKRI,2015.0,-14.0,60.0,-123.33333333333334
NAUKRI,2016.0,118.0,-14.0,-942.8571428571429
NAUKRI,2017.0,-43.0,118.0,-136.44067796610167
NAUKRI,2018.0,501.0,-43.0,-1265.1162790697674
NAUKRI,2019.0,592.0,501.0,18.163672654690618
NAUKRI,2020.0,-246.0,592.0,-141.55405405405406
NAUKRI,2021.0,1418.0,-246.0,-676.4227642276423
NAUKRI,2022.0,12882.0,1418.0,808.4626234132581
NAUKRI,2023.0,-70.0,12882.0,-100.54339388293742
NAUKRI,2024.0,595.0,-70.0,-950.0
NAUKRI,,551.0,595.0,-7.394957983193278
NESTLEIND,2013.0,1117.0,,
NESTLEIND,2014.0,1185.0,1117.0,6.087735004476276
NESTLEIND,2015.0,563.0,1185.0,-52.48945147679325
NESTLEIND,2016.0,1001.0,563.0,77.797513321492
NESTLEIND,2017.0,1225.0,1001.0,22.377622377622377
NESTLEIND,2018.0,1607.0,1225.0,31.183673469387756
NESTLEIND,2019.0,1968.0,1607.0,22.464219041692594
NESTLEIND,2020.0,2082.0,1968.0,5.7926829268292686
NESTLEIND,2021.0,2118.0,2082.0,1.729106628242075
NESTLEIND,2022.0,2391.0,2118.0,12.889518413597735
NESTLEIND,2023.0,2999.0,2391.0,25.428690924299456
NESTLEIND,2024.0,3933.0,2999.0,31.14371457152384
NESTLEIND,,3323.0,3933.0,-15.50978896516654
NHPC,2013.0,2873.0,,
NHPC,2014.0,1633.0,2873.0,-43.16045945005221
NHPC,2015.0,2798.0,1633.0,71.3410900183711
NHPC,2016.0,2365.0,2798.0,-15.475339528234452
NHPC,2017.0,3480.0,2365.0,47.14587737843552
NHPC,2018.0,2785.0,3480.0,-19.97126436781609
NHPC,2019.0,2836.0,2785.0,1.8312387791741473
NHPC,2020.0,3345.0,2836.0,17.947813822284907
NHPC,2021.0,3600.0,3345.0,7.623318385650224
NHPC,2022.0,3774.0,3600.0,4.833333333333333
NHPC,2023.0,4261.0,3774.0,12.904080551139375
NHPC,2024.0,4028.0,4261.0,-5.468199953062661
NHPC,,3417.0,4028.0,-15.168818272095333
NTPC,2013.0,12586.0,,
NTPC,2014.0,11403.0,12586.0,-9.399332591768632
NTPC,2015.0,9992.0,11403.0,-12.373936683328948
NTPC,2016.0,10781.0,9992.0,7.896317053642914
NTPC,2017.0,10714.0,10781.0,-0.6214636861144606
NTPC,2018.0,10502.0,10714.0,-1.9787194325182005
NTPC,2019.0,14034.0,10502.0,33.631689202056755
NTPC,2020.0,11902.0,14034.0,-15.191677354995011
NTPC,2021.0,14969.0,11902.0,25.768778356578725
NTPC,2022.0,16960.0,14969.0,13.300821698176229
NTPC,2023.0,17121.0,16960.0,0.9492924528301886
NTPC,2024.0,21332.0,17121.0,24.595525962268557
NTPC,,22546.0,21332.0,5.690980686292893
ONGC,2013.0,23994.0,,
ONGC,2014.0,26665.0,23994.0,11.131949654080186
ONGC,2015.0,17703.0,26665.0,-33.6096006000375
ONGC,2016.0,13102.0,17703.0,-25.98994520702706
ONGC,2017.0,29169.0,13102.0,122.63013280415205
ONGC,2018.0,26068.0,29169.0,-10.631149508039357
ONGC,2019.0,33938.0,26068.0,30.190271597360745
ONGC,2020.0,11456.0,33938.0,-66.24432789203843
ONGC,2021.0,21360.0,11456.0,86.45251396648045
ONGC,2022.0,49294.0,21360.0,130.77715355805245
ONGC,2023.0,32778.0,49294.0,-33.50509189759403
ONGC,2024.0,57101.0,32778.0,74.20525962535848
ONGC,,42320.0,57101.0,-25.88571128351517
PFC,2013.0,4438.0,,
PFC,2014.0,5462.0,4438.0,23.073456511942318
PFC,2015.0,6004.0,5462.0,9.92310508971073
PFC,2016.0,6184.0,6004.0,2.9980013324450367
PFC,2017.0,2236.0,6184.0,-63.842173350582144
PFC,2018.0,8797.0,2236.0,293.4257602862254
PFC,2019.0,12640.0,8797.0,43.68534727748096
PFC,2020.0,9477.0,12640.0,-25.02373417721519
PFC,2021.0,15716.0,9477.0,65.83306953677324
PFC,2022.0,18768.0,15716.0,19.419699669127006
PFC,2023.0,21179.0,18768.0,12.846334185848251
PFC,2024.0,26461.0,21179.0,24.939798857358706
PFC,,28248.0,26461.0,6.753335096935112
PIDILITIND,2013.0,424.0,,
PIDILITIND,2014.0,450.0,424.0,6.132075471698113
PIDILITIND,2015.0,514.0,450.0,14.222222222222221
PIDILITIND,2016.0,807.0,514.0,57.003891050583654
PIDILITIND,2017.0,863.0,807.0,6.939281288723668
PIDILITIND,2018.0,966.0,863.0,11.935110081112398
PIDILITIND,2019.0,928.0,966.0,-3.9337474120082816
PIDILITIND,2020.0,1122.0,928.0,20.905172413793103
PIDILITIND,2021.0,1126.0,1122.0,0.35650623885918004
PIDILITIND,2022.0,1207.0,1126.0,7.193605683836591
PIDILITIND,2023.0,1289.0,1207.0,6.793703396851698
PIDILITIND,2024.0,1747.0,1289.0,35.53141970519783
PIDILITIND,,1973.0,1747.0,12.936462507155122
PNB,2013.0,5020.0,,
PNB,2014.0,3674.0,5020.0,-26.812749003984067
PNB,2015.0,3525.0,3674.0,-4.055525313010342
PNB,2016.0,-3510.0,3525.0,-199.5744680851064
PNB,2017.0,1239.0,-3510.0,-135.2991452991453
PNB,2018.0,-12111.0,1239.0,-1077.4818401937046
PNB,2019.0,-9550.0,-12111.0,-21.146065560234497
PNB,2020.0,485.0,-9550.0,-105.07853403141361
PNB,2021.0,2695.0,485.0,455.6701030927835
PNB,2022.0,3908.0,2695.0,45.009276437847866
PNB,2023.0,3359.0,3908.0,-14.048106448311156
PNB,2024.0,9157.0,3359.0,172.61089610002978
PNB,,14535.0,9157.0,58.73102544501474
POWERGRID,2013.0,4313.0,,
POWERGRID,2014.0,4548.0,4313.0,5.4486436355205194
POWERGRID,2015.0,5046.0,4548.0,10.949868073878628
POWERGRID,2016.0,5959.0,5046.0,18.093539437177963
POWERGRID,2017.0,7451.0,5959.0,25.037758013089444
POWERGRID,2018.0,8204.0,7451.0,10.106026036773587
POWERGRID,2019.0,10034.0,8204.0,22.306192101413945
POWERGRID,2020.0,11059.0,10034.0,10.215268088499103
POWERGRID,2021.0,12036.0,11059.0,8.834433493082557
POWERGRID,2022.0,16824.0,12036.0,39.780658025922236
POWERGRID,2023.0,15420.0,16824.0,-8.345221112696148
POWERGRID,2024.0,15573.0,15420.0,0.9922178988326847
POWERGRID,,15712.0,15573.0,0.8925704745392667
RECLTD,2013.0,3833.0,,
RECLTD,2014.0,4741.0,3833.0,23.689016436211844
RECLTD,2015.0,5344.0,4741.0,12.718835688673275
RECLTD,2016.0,5691.0,5344.0,6.493263473053893
RECLTD,2017.0,6313.0,5691.0,10.929537866807241
RECLTD,2018.0,4451.0,6313.0,-29.494693489624584
RECLTD,2019.0,5741.0,4451.0,28.98225117951022
RECLTD,2020.0,4972.0,5741.0,-13.394878940951054
RECLTD,2021.0,8378.0,4972.0,68.50362027353178
RECLTD,2022.0,10036.0,8378.0,19.789925996657914
RECLTD,2023.0,11167.0,10036.0,11.26943005181347
RECLTD,2024.0,14145.0,11167.0,26.667860660875796
RECLTD,,14885.0,14145.0,5.231530576175327
RELIANCE,2013.0,20886.0,,
RELIANCE,2014.0,22548.0,20886.0,7.957483481758115
RELIANCE,2015.0,23640.0,22548.0,4.843001596593933
RELIANCE,2016.0,29861.0,23640.0,26.315566835871408
RELIANCE,2017.0,29833.0,29861.0,-0.09376779076387261
RELIANCE,2018.0,36080.0,29833.0,20.939898769818658
RELIANCE,2019.0,39837.0,36080.0,10.412971175166296
RELIANCE,2020.0,39880.0,39837.0,0.10793985490875316
RELIANCE,2021.0,53739.0,39880.0,34.75175526579739
RELIANCE,2022.0,67845.0,53739.0,26.24909283760398
RELIANCE,2023.0,74088.0,67845.0,9.201857174441743
RELIANCE,2024.0,79020.0,74088.0,6.6569484936831875
RELIANCE,,79941.0,79020.0,1.1655277145026577
SBILIFE,2013.0,630.0,,
SBILIFE,2014.0,728.0,630.0,15.555555555555555
SBILIFE,2015.0,815.0,728.0,11.95054945054945
SBILIFE,2016.0,844.0,815.0,3.5582822085889574
SBILIFE,2017.0,955.0,844.0,13.151658767772512
SBILIFE,2018.0,1150.0,955.0,20.418848167539267
SBILIFE,2019.0,1327.0,1150.0,15.391304347826088
SBILIFE,2020.0,1422.0,1327.0,7.1590052750565185
SBILIFE,2021.0,1456.0,1422.0,2.390998593530239
SBILIFE,2022.0,1506.0,1456.0,3.4340659340659343
SBILIFE,2023.0,1721.0,1506.0,14.276228419654716
SBILIFE,2024.0,1894.0,1721.0,10.052295177222545
SBILIFE,,2411.0,1894.0,27.29672650475185
SBIN,2013.0,18555.0,,
SBIN,2014.0,14807.0,18555.0,-20.199407167879276
SBIN,2015.0,17832.0,14807.0,20.429526575268454
SBIN,2016.0,13019.0,17832.0,-26.990803050695376
SBIN,2017.0,-97.0,13019.0,-100.74506490513863
SBIN,2018.0,-3749.0,-97.0,3764.9484536082477
SBIN,2019.0,3351.0,-3749.0,-189.3838356895172
SBIN,2020.0,21140.0,3351.0,530.8564607579827
SBIN,2021.0,23888.0,21140.0,12.999053926206244
SBIN,2022.0,37183.0,23888.0,55.655559276624246
SBIN,2023.0,57750.0,37183.0,55.3129118145389
SBIN,2024.0,69543.0,57750.0,20.42077922077922
SBIN,,74461.0,69543.0,7.071883582819264
SHREECEM,2013.0,1004.0,,
SHREECEM,2014.0,787.0,1004.0,-21.61354581673307
SHREECEM,2015.0,426.0,787.0,-45.870393900889454
SHREECEM,2016.0,1143.0,426.0,168.30985915492957
SHREECEM,2017.0,1339.0,1143.0,17.14785651793526
SHREECEM,2018.0,1384.0,1339.0,3.3607169529499625
SHREECEM,2019.0,1015.0,1384.0,-26.66184971098266
SHREECEM,2020.0,1544.0,1015.0,52.11822660098522
SHREECEM,2021.0,2337.0,1544.0,51.36010362694301
SHREECEM,2022.0,1269.0,2337.0,-45.699614890885755
SHREECEM,2023.0,2369.0,1269.0,86.68242710795903
SHREECEM,2024.0,1733.0,2369.0,-26.8467707893626
SHREECEM,,1733.0,1733.0,0.0
SHRIRAMFIN,2013.0,1463.0,,
SHRIRAMFIN,2014.0,1358.0,1463.0,-7.177033492822966
SHRIRAMFIN,2015.0,1028.0,1358.0,-24.30044182621502
SHRIRAMFIN,2016.0,1184.0,1028.0,15.17509727626459
SHRIRAMFIN,2017.0,1266.0,1184.0,6.925675675675675
SHRIRAMFIN,2018.0,2549.0,1266.0,101.34281200631912
SHRIRAMFIN,2019.0,2576.0,2549.0,1.0592389172224401
SHRIRAMFIN,2020.0,2512.0,2576.0,-2.484472049689441
SHRIRAMFIN,2021.0,2499.0,2512.0,-0.5175159235668789
SHRIRAMFIN,2022.0,2721.0,2499.0,8.883553421368548
SHRIRAMFIN,2023.0,6020.0,2721.0,121.24219037118706
SHRIRAMFIN,2024.0,7399.0,6020.0,22.906976744186046
SHRIRAMFIN,,9454.0,7399.0,27.774023516691443
SIEMENS,2011.0,868.0,,
SIEMENS,2014.0,603.0,868.0,-30.52995391705069
SIEMENS,2015.0,1174.0,603.0,94.69320066334991
SIEMENS,2016.0,2914.0,1174.0,148.21124361158434
SIEMENS,2017.0,1137.0,2914.0,-60.98146877144818
SIEMENS,2018.0,901.0,1137.0,-20.756376429199648
SIEMENS,2019.0,1099.0,901.0,21.975582685904552
SIEMENS,2020.0,769.0,1099.0,-30.02729754322111
SIEMENS,2021.0,1089.0,769.0,41.612483745123534
SIEMENS,2022.0,1543.0,1089.0,41.68962350780532
SIEMENS,2023.0,1962.0,1543.0,27.154893065456903
SIEMENS,2024.0,2718.0,1962.0,38.53211009174312
SUNPHARMA,2013.0,3469.0,,
SUNPHARMA,2014.0,3879.0,3469.0,11.818968002306141
SUNPHARMA,2015.0,5476.0,3879.0,41.17040474349059
SUNPHARMA,2016.0,5658.0,5476.0,3.3235938641344047
SUNPHARMA,2017.0,7846.0,5658.0,38.67090844821492
SUNPHARMA,2018.0,2542.0,7846.0,-67.60132551618659
SUNPHARMA,2019.0,3208.0,2542.0,26.19984264358773
SUNPHARMA,2020.0,4172.0,3208.0,30.049875311720697
SUNPHARMA,2021.0,2272.0,4172.0,-45.54170661553212
SUNPHARMA,2022.0,3389.0,2272.0,49.1637323943662
SUNPHARMA,2023.0,8513.0,3389.0,151.19504278548243
SUNPHARMA,2024.0,9610.0,8513.0,12.886174086690943
SUNPHARMA,,11117.0,9610.0,15.681581685744018
TATACONSUM,2013.0,445.0,,
TATACONSUM,2014.0,510.0,445.0,14.606741573033707
TATACONSUM,2015.0,273.0,510.0,-46.470588235294116
TATACONSUM,2016.0,-37.0,273.0,-113.55311355311355
TATACONSUM,2017.0,455.0,-37.0,-1329.7297297297296
TATACONSUM,2018.0,556.0,455.0,22.197802197802197
TATACONSUM,2019.0,457.0,556.0,-17.805755395683455
TATACONSUM,2020.0,460.0,457.0,0.6564551422319475
TATACONSUM,2021.0,930.0,460.0,102.17391304347827
TATACONSUM,2022.0,1015.0,930.0,9.13978494623656
TATACONSUM,2023.0,1320.0,1015.0,30.049261083743843
TATACONSUM,2024.0,1215.0,1320.0,-7.954545454545454
TATACONSUM,,1170.0,1215.0,-3.7037037037037033
TATAMOTORS,2013.0,9976.0,,
TATAMOTORS,2014.0,14050.0,9976.0,40.838011226944666
TATAMOTORS,2015.0,14073.0,14050.0,0.16370106761565836
TATAMOTORS,2016.0,11678.0,14073.0,-17.018404036097493
TATAMOTORS,2017.0,7557.0,11678.0,-35.28857681109779
TATAMOTORS,2018.0,9091.0,7557.0,20.299060473732965
TATAMOTORS,2019.0,-28724.0,9091.0,-415.9608403915961
TATAMOTORS,2020.0,-11975.0,-28724.0,-58.310123938170165
TATAMOTORS,2021.0,-13395.0,-11975.0,11.8580375782881
TATAMOTORS,2022.0,-11309.0,-13395.0,-15.57297499066816
TATAMOTORS,2023.0,2690.0,-11309.0,-123.7863648421611
TATAMOTORS,2024.0,31807.0,2690.0,1082.4163568773233
TATAMOTORS,,33816.0,31807.0,6.316219700066022
TATAPOWER,2013.0,123.0,,
TATAPOWER,2014.0,12.0,123.0,-90.2439024390244
TATAPOWER,2015.0,457.0,12.0,3708.3333333333335
TATAPOWER,2016.0,786.0,457.0,71.99124726477024
TATAPOWER,2017.0,1100.0,786.0,39.94910941475827
TATAPOWER,2018.0,2611.0,1100.0,137.36363636363635
TATAPOWER,2019.0,2606.0,2611.0,-0.19149751053236308
TATAPOWER,2020.0,1316.0,2606.0,-49.50115118956255
TATAPOWER,2021.0,1439.0,1316.0,9.346504559270517
TATAPOWER,2022.0,2156.0,1439.0,49.82626824183461
TATAPOWER,2023.0,3810.0,2156.0,76.71614100185529
TATAPOWER,2024.0,4280.0,3810.0,12.335958005249344
TATAPOWER,,4403.0,4280.0,2.8738317757009346
TATASTEEL,2013.0,-7272.0,,
TATASTEEL,2014.0,3665.0,-7272.0,-150.39878987898788
TATASTEEL,2015.0,-3939.0,3665.0,-207.47612551159617
TATASTEEL,2016.0,-497.0,-3939.0,-87.38258441228737
TATASTEEL,2017.0,-4169.0,-497.0,738.8329979879276
TATASTEEL,2018.0,17743.0,-4169.0,-525.5936675461742
TATASTEEL,2019.0,9122.0,17743.0,-48.5881756185538
TATASTEEL,2020.0,1174.0,9122.0,-87.13001534751152
TATASTEEL,2021.0,8190.0,1174.0,597.6149914821124
TATASTEEL,2022.0,41749.0,8190.0,409.7557997557997
TATASTEEL,2023.0,8075.0,41749.0,-80.65821935854751
TATASTEEL,2024.0,-4910.0,8075.0,-160.80495356037153
TATASTEEL,,2527.0,-4910.0,-151.4663951120163
TCS,2013.0,14076.0,,
TCS,2014.0,19332.0,14076.0,37.34015345268542
TCS,2015.0,20060.0,19332.0,3.7657769501344918
TCS,2016.0,24338.0,20060.0,21.32602193419741
TCS,2017.0,26357.0,24338.0,8.295669323691348
TCS,2018.0,25880.0,26357.0,-1.8097659065902796
TCS,2019.0,31562.0,25880.0,21.95517774343122
TCS,2020.0,32447.0,31562.0,2.804004815917876
TCS,2021.0,32562.0,32447.0,0.3544241378247604
TCS,2022.0,38449.0,32562.0,18.079356304895278
TCS,2023.0,42303.0,38449.0,10.02366771567531
TCS,2024.0,46099.0,42303.0,8.973358863437582
TCS,,49006.0,46099.0,6.30599362242131
TECHM,2013.0,1307.0,,
TECHM,2014.0,3062.0,1307.0,134.2769701606733
TECHM,2015.0,2659.0,3062.0,-13.161332462442848
TECHM,2016.0,3027.0,2659.0,13.839789394509214
TECHM,2017.0,2851.0,3027.0,-5.8143376280145365
TECHM,2018.0,3786.0,2851.0,32.795510347246584
TECHM,2019.0,4289.0,3786.0,13.28578975171685
TECHM,2020.0,3897.0,4289.0,-9.139659594311029
TECHM,2021.0,4353.0,3897.0,11.70130869899923
TECHM,2022.0,5630.0,4353.0,29.336090052837122
TECHM,2023.0,4857.0,5630.0,-13.730017761989345
TECHM,2024.0,2397.0,4857.0,-50.6485484867202
TECHM,,3775.0,2397.0,57.488527325823945
TITAN,2013.0,725.0,,
TITAN,2014.0,735.0,725.0,1.3793103448275863
TITAN,2015.0,816.0,735.0,11.020408163265307
TITAN,2016.0,675.0,816.0,-17.27941176470588
TITAN,2017.0,697.0,675.0,3.259259259259259
TITAN,2018.0,1102.0,697.0,58.10616929698709
TITAN,2019.0,1389.0,1102.0,26.04355716878403
TITAN,2020.0,1493.0,1389.0,7.487401007919367
TITAN,2021.0,974.0,1493.0,-34.7622237106497
TITAN,2022.0,2198.0,974.0,125.66735112936345
TITAN,2023.0,3274.0,2198.0,48.95359417652411
TITAN,2024.0,3496.0,3274.0,6.78069639584606
TITAN,,3243.0,3496.0,-7.236842105263158
TORNTPHARM,2013.0,435.0,,
TORNTPHARM,2014.0,664.0,435.0,52.643678160919535
TORNTPHARM,2015.0,751.0,664.0,13.102409638554215
TORNTPHARM,2016.0,1733.0,751.0,130.7589880159787
TORNTPHARM,2017.0,934.0,1733.0,-46.105020196191575
TORNTPHARM,2018.0,678.0,934.0,-27.40899357601713
TORNTPHARM,2019.0,436.0,678.0,-35.693215339233035
TORNTPHARM,2020.0,1025.0,436.0,135.09174311926606
TORNTPHARM,2021.0,1252.0,1025.0,22.146341463414636
TORNTPHARM,2022.0,777.0,1252.0,-37.93929712460064
TORNTPHARM,2023.0,1245.0,777.0,60.231660231660236
TORNTPHARM,2024.0,1656.0,1245.0,33.01204819277108
TORNTPHARM,,1862.0,1656.0,12.439613526570048
TRENT,2013.0,-27.0,,
TRENT,2014.0,-19.0,-27.0,-29.629629629629626
TRENT,2015.0,129.0,-19.0,-778.9473684210526
TRENT,2016.0,55.0,129.0,-57.36434108527132
TRENT,2017.0,85.0,55.0,54.54545454545454
TRENT,2018.0,87.0,85.0,2.3529411764705883
TRENT,2019.0,95.0,87.0,9.195402298850574
TRENT,2020.0,106.0,95.0,11.578947368421053
TRENT,2021.0,-181.0,106.0,-270.7547169811321
TRENT,2022.0,35.0,-181.0,-119.33701657458565
TRENT,2023.0,394.0,35.0,1025.7142857142858
TRENT,2024.0,1477.0,394.0,274.8730964467005
TRENT,,1809.0,1477.0,22.47799593771158
TVSMOTOR,2013.0,198.0,,
TVSMOTOR,2014.0,187.0,198.0,-5.555555555555555
TVSMOTOR,2015.0,328.0,187.0,75.40106951871658
TVSMOTOR,2016.0,429.0,328.0,30.79268292682927
TVSMOTOR,2017.0,509.0,429.0,18.64801864801865
TVSMOTOR,2018.0,665.0,509.0,30.648330058939095
TVSMOTOR,2019.0,725.0,665.0,9.022556390977442
TVSMOTOR,2020.0,647.0,725.0,-10.758620689655173
TVSMOTOR,2021.0,608.0,647.0,-6.0278207109737245
TVSMOTOR,2022.0,731.0,608.0,20.230263157894736
TVSMOTOR,2023.0,1309.0,731.0,79.06976744186046
TVSMOTOR,2024.0,1779.0,1309.0,35.90527119938884
TVSMOTOR,,2094.0,1779.0,17.706576728499158
ULTRACEMCO,2013.0,2688.0,,
ULTRACEMCO,2014.0,2213.0,2688.0,-17.671130952380953
ULTRACEMCO,2015.0,2102.0,2213.0,-5.015815634884771
ULTRACEMCO,2016.0,2480.0,2102.0,17.982873453853472
ULTRACEMCO,2017.0,2714.0,2480.0,9.435483870967742
ULTRACEMCO,2018.0,2224.0,2714.0,-18.054532056005897
ULTRACEMCO,2019.0,2400.0,2224.0,7.913669064748201
ULTRACEMCO,2020.0,5751.0,2400.0,139.625
ULTRACEMCO,2021.0,5462.0,5751.0,-5.025213006433664
ULTRACEMCO,2022.0,7334.0,5462.0,34.27316001464665
ULTRACEMCO,2023.0,5073.0,7334.0,-30.82901554404145
ULTRACEMCO,2024.0,7004.0,5073.0,38.06426177804061
ULTRACEMCO,,6252.0,7004.0,-10.736721873215306
UNIONBANK,2013.0,2146.0,,
UNIONBANK,2014.0,1687.0,2146.0,-21.388630009319666
UNIONBANK,2015.0,1771.0,1687.0,4.979253112033195
UNIONBANK,2016.0,1347.0,1771.0,-23.941276115189158
UNIONBANK,2017.0,573.0,1347.0,-57.46102449888642
UNIONBANK,2018.0,-5212.0,573.0,-1009.5986038394415
UNIONBANK,2019.0,-2922.0,-5212.0,-43.937068303914046
UNIONBANK,2020.0,-3121.0,-2922.0,6.810403832991102
UNIONBANK,2021.0,2863.0,-3121.0,-191.73341877603332
UNIONBANK,2022.0,5265.0,2863.0,83.89800908138317
UNIONBANK,2023.0,8512.0,5265.0,61.67141500474834
UNIONBANK,2024.0,13797.0,8512.0,62.088815789473685
UNIONBANK,,16344.0,13797.0,18.460534898891062
UNITDSPR,2013.0,-105.0,,
UNITDSPR,2014.0,-4489.0,-105.0,4175.238095238095
UNITDSPR,2015.0,-1687.0,-4489.0,-62.41924704834039
UNITDSPR,2016.0,143.0,-1687.0,-108.47658565500889
UNITDSPR,2017.0,93.0,143.0,-34.96503496503497
UNITDSPR,2018.0,652.0,93.0,601.0752688172043
UNITDSPR,2019.0,684.0,652.0,4.9079754601226995
UNITDSPR,2020.0,621.0,684.0,-9.210526315789473
UNITDSPR,2021.0,362.0,621.0,-41.70692431561997
UNITDSPR,2022.0,811.0,362.0,124.03314917127074
UNITDSPR,2023.0,1126.0,811.0,38.84093711467324
UNITDSPR,2024.0,1408.0,1126.0,25.044404973357015
UNITDSPR,,1402.0,1408.0,-0.4261363636363636
VBL,2012.0,25.0,,
VBL,2013.0,-40.0,25.0,-260.0
VBL,2014.0,-20.0,-40.0,-50.0
VBL,2015.0,113.0,-20.0,-665.0
VBL,2016.0,48.0,113.0,-57.52212389380531
VBL,2017.0,214.0,48.0,345.83333333333337
VBL,2018.0,300.0,214.0,40.18691588785047
VBL,2019.0,472.0,300.0,57.333333333333336
VBL,2020.0,357.0,472.0,-24.364406779661017
VBL,2021.0,746.0,357.0,108.96358543417367
VBL,2022.0,1550.0,746.0,107.77479892761394
VBL,2023.0,2102.0,1550.0,35.612903225806456
VBL,,2582.0,2102.0,22.835394862036157
VEDL,2013.0,2280.0,,
VEDL,2014.0,11421.0,2280.0,400.92105263157896
VEDL,2015.0,-11369.0,11421.0,-199.54469836266526
VEDL,2016.0,-17862.0,-11369.0,57.111443398715814
VEDL,2017.0,11316.0,-17862.0,-163.3523681558616
VEDL,2018.0,13692.0,11316.0,20.996818663838813
VEDL,2019.0,9698.0,13692.0,-29.170318434122116
VEDL,2020.0,-4744.0,9698.0,-148.9173025366055
VEDL,2021.0,15032.0,-4744.0,-416.8634064080944
VEDL,2022.0,23710.0,15032.0,57.73017562533263
VEDL,2023.0,14503.0,23710.0,-38.831716575284695
VEDL,2024.0,7539.0,14503.0,-48.0176515203751
VEDL,,15841.0,7539.0,110.12070566388115
WIPRO,2013.0,6182.0,,
WIPRO,2014.0,7991.0,6182.0,29.262374636040118
WIPRO,2015.0,8714.0,7991.0,9.047678638468277
WIPRO,2016.0,8957.0,8714.0,2.7886160201973835
WIPRO,2017.0,8518.0,8957.0,-4.9011945964050465
WIPRO,2018.0,8003.0,8518.0,-6.046020192533459
WIPRO,2019.0,9018.0,8003.0,12.68274397101087
WIPRO,2020.0,9772.0,9018.0,8.361055666444887
WIPRO,2021.0,10868.0,9772.0,11.215718379042162
WIPRO,2022.0,12243.0,10868.0,12.651821862348179
WIPRO,2023.0,11366.0,12243.0,-7.163276974597729
WIPRO,2024.0,11112.0,11366.0,-2.2347351750835824
WIPRO,,12488.0,11112.0,12.38300935925126
ZOMATO,2018.0,-107.0,,
ZOMATO,2019.0,-1010.0,-107.0,843.9252336448599
ZOMATO,2020.0,-2386.0,-1010.0,136.23762376237624
ZOMATO,2021.0,-816.0,-2386.0,-65.80050293378038
ZOMATO,2022.0,-1222.0,-816.0,49.754901960784316
ZOMATO,2023.0,-971.0,-1222.0,-20.54009819967267
ZOMATO,2024.0,351.0,-971.0,-136.1483007209063
ZOMATO,,663.0,351.0,88.88888888888889
ZYDUSLIFE,2013.0,690.0,,
ZYDUSLIFE,2014.0,836.0,690.0,21.15942028985507
ZYDUSLIFE,2015.0,1188.0,836.0,42.10526315789473
ZYDUSLIFE,2016.0,1964.0,1188.0,65.31986531986533
ZYDUSLIFE,2017.0,1517.0,1964.0,-22.75967413441955
ZYDUSLIFE,2018.0,1810.0,1517.0,19.31443638760712
ZYDUSLIFE,2019.0,1899.0,1810.0,4.917127071823205
ZYDUSLIFE,2020.0,1204.0,1899.0,-36.598209583991576
ZYDUSLIFE,2021.0,2185.0,1204.0,81.47840531561462
ZYDUSLIFE,2022.0,4618.0,2185.0,111.35011441647598
ZYDUSLIFE,2023.0,2092.0,4618.0,-54.69900389779126
ZYDUSLIFE,2024.0,3973.0,2092.0,89.91395793499044
ZYDUSLIFE,,4439.0,3973.0,11.729171910395166
