company_id,year,sales,previous_sales,sales_growth_pct
ABB,2012.0,1653.0,,
ABB,2014.0,2276.0,1653.0,37.68905021173624
ABB,2015.0,2289.0,2276.0,0.5711775043936731
ABB,2016.0,2614.0,2289.0,14.19833988641328
ABB,2017.0,2903.0,2614.0,11.05585309869931
ABB,2018.0,3298.0,2903.0,13.606613847743713
ABB,2019.0,3679.0,3298.0,11.552456033959976
ABB,2020.0,4093.0,3679.0,11.253057896167437
ABB,2021.0,4310.0,4093.0,5.301734668946983
ABB,2022.0,4913.0,4310.0,13.990719257540604
ABB,2023.0,5349.0,4913.0,8.874414817830246
ABB,2024.0,5849.0,5349.0,9.347541596560106
ABB,,6066.0,5849.0,3.71003590357326
ADANIENSOL,2014.0,0.0,,
ADANIENSOL,2015.0,131.0,0.0,inf
ADANIENSOL,2016.0,2194.0,131.0,1574.8091603053435
ADANIENSOL,2017.0,2876.0,2194.0,31.084776663628077
ADANIENSOL,2018.0,3944.0,2876.0,37.13490959666203
ADANIENSOL,2019.0,7305.0,3944.0,85.21805273833671
ADANIENSOL,2020.0,11416.0,7305.0,56.27652292950034
ADANIENSOL,2021.0,9926.0,11416.0,-13.051857042747022
ADANIENSOL,2022.0,11258.0,9926.0,13.419302841023576
ADANIENSOL,2023.0,13293.0,11258.0,18.07603481968378
ADANIENSOL,2024.0,16607.0,13293.0,24.93041450387422
ADANIENSOL,,22099.0,16607.0,33.07039200337207
ADANIENT,2013.0,46375.0,,
ADANIENT,2014.0,54947.0,46375.0,18.48409703504043
ADANIENT,2015.0,64465.0,54947.0,17.32214679600342
ADANIENT,2016.0,34008.0,64465.0,-47.245792290390135
ADANIENT,2017.0,36533.0,34008.0,7.424723594448365
ADANIENT,2018.0,35924.0,36533.0,-1.6669860126461007
ADANIENT,2019.0,40379.0,35924.0,12.401180269457743
ADANIENT,2020.0,43403.0,40379.0,7.489041333366354
ADANIENT,2021.0,39537.0,43403.0,-8.907218395041818
ADANIENT,2022.0,69420.0,39537.0,75.58236588512027
ADANIENT,2023.0,127540.0,69420.0,83.72227023912417
ADANIENT,2024.0,96421.0,127540.0,-24.399404108514975
ADANIENT,,102311.0,96421.0,6.108627788552287
ADANIGREEN,2017.0,502.0,,
ADANIGREEN,2018.0,1480.0,502.0,194.8207171314741
ADANIGREEN,2019.0,2058.0,1480.0,39.054054054054056
ADANIGREEN,2020.0,2549.0,2058.0,23.858114674441204
ADANIGREEN,2021.0,3124.0,2549.0,22.557865829737153
ADANIGREEN,2022.0,5133.0,3124.0,64.30857874519846
ADANIGREEN,2023.0,7776.0,5133.0,51.490356516656924
ADANIGREEN,2024.0,9220.0,7776.0,18.569958847736626
ADANIGREEN,,10782.0,9220.0,16.941431670281997
ADANIPORTS,2013.0,3577.0,,
ADANIPORTS,2013.0,3577.0,3577.0,0.0
ADANIPORTS,2014.0,4830.0,3577.0,35.0293542074364
ADANIPORTS,2014.0,4830.0,4830.0,0.0
ADANIPORTS,2015.0,6152.0,4830.0,27.370600414078677
ADANIPORTS,2015.0,6152.0,6152.0,0.0
ADANIPORTS,2016.0,7109.0,6152.0,15.555916775032511
ADANIPORTS,2016.0,7109.0,7109.0,0.0
ADANIPORTS,2017.0,8439.0,7109.0,18.70867913911943
ADANIPORTS,2017.0,8439.0,8439.0,0.0
ADANIPORTS,2018.0,11323.0,8439.0,34.17466524469724
ADANIPORTS,2018.0,11323.0,11323.0,0.0
ADANIPORTS,2019.0,10925.0,11323.0,-3.51496953104301
ADANIPORTS,2019.0,10925.0,10925.0,0.0
ADANIPORTS,2020.0,11873.0,10925.0,8.677345537757438
ADANIPORTS,2020.0,11873.0,11873.0,0.0
ADANIPORTS,2021.0,12550.0,11873.0,5.702012970605576
ADANIPORTS,2021.0,12550.0,12550.0,0.0
ADANIPORTS,2022.0,17119.0,12550.0,36.40637450199203
ADANIPORTS,2022.0,17119.0,17119.0,0.0
ADANIPORTS,2023.0,20852.0,17119.0,21.80618026753899
ADANIPORTS,2023.0,20852.0,20852.0,0.0
ADANIPORTS,2024.0,26711.0,20852.0,28.098024170343372
ADANIPORTS,2024.0,26711.0,26711.0,0.0
ADANIPORTS,,28443.0,26711.0,6.484219984276141
ADANIPORTS,,28443.0,28443.0,0.0
ADANIPOWER,2013.0,6692.0,,
ADANIPOWER,2014.0,15328.0,6692.0,129.0496114763897
ADANIPOWER,2015.0,18683.0,15328.0,21.88804801670146
ADANIPOWER,2016.0,25377.0,18683.0,35.829363592570786
ADANIPOWER,2017.0,22616.0,25377.0,-10.879930645860425
ADANIPOWER,2018.0,20304.0,22616.0,-10.222851078882208
ADANIPOWER,2019.0,23884.0,20304.0,17.631993695823482
ADANIPOWER,2020.0,26468.0,23884.0,10.818958298442471
ADANIPOWER,2021.0,26221.0,26468.0,-0.9332023575638507
ADANIPOWER,2022.0,27711.0,26221.0,5.682468250638801
ADANIPOWER,2023.0,38773.0,27711.0,39.91916567428097
ADANIPOWER,2024.0,50351.0,38773.0,29.860985737497742
ADANIPOWER,,54650.0,50351.0,8.538062799149968
AMBUJACEM,2012.0,9749.0,,
AMBUJACEM,2013.0,9161.0,9749.0,-6.031387834649707
AMBUJACEM,2014.0,9955.0,9161.0,8.667176072481169
AMBUJACEM,2015.0,9437.0,9955.0,-5.203415369161226
AMBUJACEM,2016.0,20094.0,9437.0,112.92783723640987
AMBUJACEM,2017.0,23609.0,20094.0,17.492783915596696
AMBUJACEM,2018.0,26041.0,23609.0,10.3011563386844
AMBUJACEM,2019.0,27104.0,26041.0,4.082024499827195
AMBUJACEM,2020.0,24516.0,27104.0,-9.54840613931523
AMBUJACEM,2021.0,28965.0,24516.0,18.14733235438081
AMBUJACEM,2023.0,38937.0,28965.0,34.42775763852926
AMBUJACEM,2024.0,33160.0,38937.0,-14.836787631301846
AMBUJACEM,,32850.0,33160.0,-0.9348612786489747
APOLLOHOSP,2013.0,3769.0,,
APOLLOHOSP,2014.0,4357.0,3769.0,15.600955160520034
APOLLOHOSP,2015.0,5129.0,4357.0,17.718613725040168
APOLLOHOSP,2016.0,6150.0,5129.0,19.906414505751606
APOLLOHOSP,2017.0,7256.0,6150.0,17.983739837398375
APOLLOHOSP,2018.0,8243.0,7256.0,13.602535832414553
APOLLOHOSP,2019.0,9617.0,8243.0,16.668688584253307
APOLLOHOSP,2020.0,11247.0,9617.0,16.94915254237288
APOLLOHOSP,2021.0,10560.0,11247.0,-6.108295545478795
APOLLOHOSP,2022.0,14663.0,10560.0,38.854166666666664
APOLLOHOSP,2023.0,16612.0,14663.0,13.291959353474732
APOLLOHOSP,2024.0,19059.0,16612.0,14.73031543462557
APOLLOHOSP,,20469.0,19059.0,7.398079647410673
ASIANPAINT,2013.0,10504.0,,
ASIANPAINT,2014.0,12220.0,10504.0,16.33663366336634
ASIANPAINT,2015.0,13615.0,12220.0,11.415711947626841
ASIANPAINT,2016.0,14271.0,13615.0,4.818215203819317
ASIANPAINT,2017.0,15062.0,14271.0,5.5427089902599675
ASIANPAINT,2018.0,16825.0,15062.0,11.704952861505776
ASIANPAINT,2019.0,19240.0,16825.0,14.353640416047547
ASIANPAINT,2020.0,20211.0,19240.0,5.046777546777547
ASIANPAINT,2021.0,21713.0,20211.0,7.431596655286725
ASIANPAINT,2022.0,29101.0,21713.0,34.02569889006586
ASIANPAINT,2023.0,34489.0,29101.0,18.51482766915226
ASIANPAINT,2024.0,35495.0,34489.0,2.916872046159645
ASIANPAINT,,34831.0,35495.0,-1.8706860121143822
ATGL,2018.0,1374.0,,
ATGL,2019.0,1719.0,1374.0,25.109170305676855
ATGL,2020.0,1875.0,1719.0,9.07504363001745
ATGL,2021.0,1696.0,1875.0,-9.546666666666667
ATGL,2022.0,3038.0,1696.0,79.12735849056604
ATGL,2023.0,4378.0,3038.0,44.10796576695194
ATGL,2024.0,4475.0,4378.0,2.215623572407492
ATGL,,4826.0,4475.0,7.843575418994414
AXISBANK,2013.0,27183.0,,
AXISBANK,2014.0,30641.0,27183.0,12.721186035389763
AXISBANK,2015.0,35479.0,30641.0,15.78930191573382
AXISBANK,2016.0,40988.0,35479.0,15.527495137968938
AXISBANK,2017.0,44542.0,40988.0,8.670830486971797
AXISBANK,2018.0,45780.0,44542.0,2.7793992187149206
AXISBANK,2019.0,54986.0,45780.0,20.109217999126255
AXISBANK,2020.0,62635.0,54986.0,13.910813661659333
AXISBANK,2021.0,63346.0,62635.0,1.1351480801468827
AXISBANK,2022.0,67377.0,63346.0,6.363464149275408
AXISBANK,2023.0,85164.0,67377.0,26.399216349792955
AXISBANK,2024.0,109369.0,85164.0,28.421633554083886
AXISBANK,,120659.0,109369.0,10.322851996452377
BAJAJ-AUTO,2013.0,20025.0,,
BAJAJ-AUTO,2014.0,20137.0,20025.0,0.5593008739076154
BAJAJ-AUTO,2015.0,21595.0,20137.0,7.240403237820926
BAJAJ-AUTO,2016.0,22574.0,21595.0,4.533456818708034
BAJAJ-AUTO,2017.0,21755.0,22574.0,-3.628067688491184
BAJAJ-AUTO,2018.0,25210.0,21755.0,15.881406573201563
BAJAJ-AUTO,2019.0,30358.0,25210.0,20.420468068226892
BAJAJ-AUTO,2020.0,29919.0,30358.0,-1.4460768166545885
BAJAJ-AUTO,2021.0,27741.0,29919.0,-7.27965506868545
BAJAJ-AUTO,2022.0,33145.0,27741.0,19.480191773908658
BAJAJ-AUTO,2023.0,36455.0,33145.0,9.986423291597527
BAJAJ-AUTO,2024.0,44870.0,36455.0,23.08325332601838
BAJAJ-AUTO,,48900.0,44870.0,8.981502117227546
BAJAJFINSV,2013.0,8055.0,,
BAJAJFINSV,2014.0,6023.0,8055.0,-25.22656734947238
BAJAJFINSV,2015.0,11335.0,6023.0,88.1952515357795
BAJAJFINSV,2016.0,20533.0,11335.0,81.1468901632113
BAJAJFINSV,2017.0,24507.0,20533.0,19.354210295621684
BAJAJFINSV,2018.0,32862.0,24507.0,34.092300159138205
BAJAJFINSV,2019.0,42605.0,32862.0,29.648225914430043
BAJAJFINSV,2020.0,54351.0,42605.0,27.56953409224269
BAJAJFINSV,2021.0,60592.0,54351.0,11.482769406266675
BAJAJFINSV,2022.0,68406.0,60592.0,12.89609189331925
BAJAJFINSV,2023.0,82072.0,68406.0,19.97777972692454
BAJAJFINSV,2024.0,110382.0,82072.0,34.494102739058384
BAJAJFINSV,,126263.0,110382.0,14.387309525103731
BAJAJHLDNG,2013.0,337.0,,
BAJAJHLDNG,2014.0,423.0,337.0,25.519287833827892
BAJAJHLDNG,2015.0,524.0,423.0,23.87706855791962
BAJAJHLDNG,2016.0,470.0,524.0,-10.305343511450381
BAJAJHLDNG,2017.0,842.0,470.0,79.14893617021276
BAJAJHLDNG,2018.0,420.0,842.0,-50.1187648456057
BAJAJHLDNG,2019.0,431.0,420.0,2.619047619047619
BAJAJHLDNG,2020.0,435.0,431.0,0.9280742459396751
BAJAJHLDNG,2021.0,457.0,435.0,5.057471264367816
BAJAJHLDNG,2022.0,484.0,457.0,5.908096280087528
BAJAJHLDNG,2023.0,522.0,484.0,7.851239669421488
BAJAJHLDNG,2024.0,1702.0,522.0,226.0536398467433
BAJAJHLDNG,,1733.0,1702.0,1.8213866039952997
BAJFINANCE,2015.0,5392.0,,
BAJFINANCE,2016.0,7299.0,5392.0,35.36721068249258
BAJFINANCE,2017.0,9970.0,7299.0,36.59405397999726
BAJFINANCE,2018.0,12746.0,9970.0,27.843530591775327
BAJFINANCE,2019.0,18487.0,12746.0,45.04158167268162
BAJFINANCE,2020.0,26374.0,18487.0,42.66241142424406
BAJFINANCE,2021.0,26673.0,26374.0,1.1336922726928034
BAJFINANCE,2022.0,31641.0,26673.0,18.62557642559892
BAJFINANCE,2023.0,41411.0,31641.0,30.877658733921177
BAJFINANCE,2024.0,54972.0,41411.0,32.747337663905725
BAJFINANCE,,62279.0,54972.0,13.29222149457906
BANKBARODA,2013.0,36442.0,,
BANKBARODA,2014.0,40463.0,36442.0,11.033971790790845
BANKBARODA,2015.0,44915.0,40463.0,11.002644391172183
BANKBARODA,2016.0,45799.0,44915.0,1.9681620839363243
BANKBARODA,2017.0,44473.0,45799.0,-2.8952597218279874
BANKBARODA,2018.0,46056.0,44473.0,3.5594630449935916
BANKBARODA,2019.0,52906.0,46056.0,14.8731978461004
BANKBARODA,2020.0,78895.0,52906.0,49.122972819717994
BANKBARODA,2021.0,74314.0,78895.0,-5.806451612903226
BANKBARODA,2022.0,73385.0,74314.0,-1.2501009231100466
BANKBARODA,2023.0,94503.0,73385.0,28.776998024119372
BANKBARODA,2024.0,118379.0,94503.0,25.26480640826217
BANKBARODA,,124144.0,118379.0,4.8699515961445865
BEL,2013.0,6273.0,,
BEL,2014.0,6518.0,6273.0,3.9056272915670336
BEL,2015.0,7093.0,6518.0,8.821724455354403
BEL,2016.0,7354.0,7093.0,3.6796841956858874
BEL,2017.0,8656.0,7354.0,17.704650530323633
BEL,2018.0,10401.0,8656.0,20.159426987061
BEL,2019.0,12164.0,10401.0,16.950293241034515
BEL,2020.0,12968.0,12164.0,6.609667872410391
BEL,2021.0,14109.0,12968.0,8.798581122763727
BEL,2022.0,15368.0,14109.0,8.923382238287617
BEL,2023.0,17734.0,15368.0,15.395627277459656
BEL,2024.0,20268.0,17734.0,14.288936506146385
BEL,,21575.0,20268.0,6.448588908624433
BHARTIARTL,2013.0,76947.0,,
BHARTIARTL,2014.0,85864.0,76947.0,11.588495977750918
BHARTIARTL,2015.0,96101.0,85864.0,11.922342308767353
BHARTIARTL,2016.0,96532.0,96101.0,0.44848648817390036
BHARTIARTL,2017.0,95468.0,96532.0,-1.1022251688559235
BHARTIARTL,2018.0,82639.0,95468.0,-13.438010642309465
BHARTIARTL,2019.0,80780.0,82639.0,-2.249543193891504
BHARTIARTL,2020.0,87539.0,80780.0,8.367170091606834
BHARTIARTL,2021.0,100616.0,87539.0,14.938484561167023
BHARTIARTL,2022.0,116547.0,100616.0,15.833465850361772
BHARTIARTL,2023.0,139145.0,116547.0,19.38960247797026
BHARTIARTL,2024.0,149982.0,139145.0,7.788278414603471
BHARTIARTL,,155478.0,149982.0,3.6644397327679323
BHEL,2013.0,48903.0,,
BHEL,2014.0,39561.0,48903.0,-19.103122507821606
BHEL,2015.0,31323.0,39561.0,-20.823538333206944
BHEL,2016.0,25505.0,31323.0,-18.574210643935764
BHEL,2017.0,28465.0,25505.0,11.605567535777299
BHEL,2018.0,28827.0,28465.0,1.2717372211487792
BHEL,2019.0,30441.0,28827.0,5.59891768134041
BHEL,2020.0,21463.0,30441.0,-29.49311783449952
BHEL,2021.0,17309.0,21463.0,-19.354237525043096
BHEL,2022.0,21211.0,17309.0,22.543185625974928
BHEL,2023.0,23365.0,21211.0,10.15510819857621
BHEL,2024.0,23893.0,23365.0,2.2597902846137385
BHEL,,25833.0,23893.0,8.119532917590925
BOSCHLTD,2012.0,8659.0,,
BOSCHLTD,2013.0,8757.0,8659.0,1.131770412287793
BOSCHLTD,2015.0,12086.0,8757.0,38.01530204407902
BOSCHLTD,2016.0,9701.0,12086.0,-19.73357603839153
BOSCHLTD,2017.0,10435.0,9701.0,7.566230285537573
BOSCHLTD,2018.0,11690.0,10435.0,12.026832774317201
BOSCHLTD,2019.0,12085.0,11690.0,3.3789563729683487
BOSCHLTD,2020.0,9842.0,12085.0,-18.560198593297475
BOSCHLTD,2021.0,9718.0,9842.0,-1.259906523064418
BOSCHLTD,2022.0,11782.0,9718.0,21.238938053097346
BOSCHLTD,2023.0,14929.0,11782.0,26.71023595314887
BOSCHLTD,2024.0,16727.0,14929.0,12.04367338736687
BOSCHLTD,,17150.0,16727.0,2.5288455790040056
BPCL,2013.0,242181.0,,
BPCL,2014.0,264421.0,242181.0,9.183214207555505
BPCL,2015.0,242598.0,264421.0,-8.253126642740176
BPCL,2016.0,187815.0,242598.0,-22.581801993421216
BPCL,2017.0,201251.0,187815.0,7.153848201687831
BPCL,2018.0,235895.0,201251.0,17.214324400872542
BPCL,2019.0,298226.0,235895.0,26.423196761270905
BPCL,2020.0,284572.0,298226.0,-4.578406979941387
BPCL,2021.0,230171.0,284572.0,-19.116778881970117
BPCL,2022.0,346791.0,230171.0,50.666678252255934
BPCL,2023.0,473187.0,346791.0,36.447312646521965
BPCL,2024.0,448083.0,473187.0,-5.305302132138035
BPCL,,445601.0,448083.0,-0.553915234454331
BRITANNIA,2013.0,6185.0,,
BRITANNIA,2014.0,6913.0,6185.0,11.770412287793047
BRITANNIA,2015.0,7858.0,6913.0,13.669897294951541
BRITANNIA,2016.0,8397.0,7858.0,6.859251717994401
BRITANNIA,2017.0,9054.0,8397.0,7.82422293676313
BRITANNIA,2018.0,9914.0,9054.0,9.498564170532362
BRITANNIA,2019.0,11055.0,9914.0,11.508977203954004
BRITANNIA,2020.0,11600.0,11055.0,4.929895974672094
BRITANNIA,2021.0,13136.0,11600.0,13.241379310344827
BRITANNIA,2022.0,14136.0,13136.0,7.612667478684532
BRITANNIA,2023.0,16301.0,14136.0,15.315506508205997
BRITANNIA,2024.0,16769.0,16301.0,2.8709895098460216
BRITANNIA,,17244.0,16769.0,2.8326077881805714
CANBK,2013.0,34070.0,,
CANBK,2014.0,39570.0,34070.0,16.143234517170534
CANBK,2015.0,43813.0,39570.0,10.722769775082133
CANBK,2016.0,44039.0,43813.0,0.5158286353365439
CANBK,2017.0,41457.0,44039.0,-5.862985081405118
CANBK,2018.0,41345.0,41457.0,-0.27015944231372263
CANBK,2019.0,47951.0,41345.0,15.97774821622929
CANBK,2020.0,49759.0,47951.0,3.770515734812621
CANBK,2021.0,70253.0,49759.0,41.18651902168452
CANBK,2022.0,70614.0,70253.0,0.5138570594850042
CANBK,2023.0,85885.0,70614.0,21.62602316821027
CANBK,2024.0,110519.0,85885.0,28.68254060662514
CANBK,,119392.0,110519.0,8.028483790117537
CHOLAFIN,2013.0,2570.0,,
CHOLAFIN,2014.0,3279.0,2570.0,27.587548638132297
CHOLAFIN,2015.0,3715.0,3279.0,13.296736810003049
CHOLAFIN,2016.0,4214.0,3715.0,13.432032301480485
CHOLAFIN,2017.0,4694.0,4214.0,11.390602752728999
CHOLAFIN,2018.0,5559.0,4694.0,18.427780144865785
CHOLAFIN,2019.0,7108.0,5559.0,27.864723871199853
CHOLAFIN,2020.0,8712.0,7108.0,22.566122678671917
CHOLAFIN,2021.0,9583.0,8712.0,9.997704315886134
CHOLAFIN,2022.0,10148.0,9583.0,5.895857247208598
CHOLAFIN,2023.0,12884.0,10148.0,26.960977532518722
CHOLAFIN,2024.0,19163.0,12884.0,48.73486494877367
CHOLAFIN,,22502.0,19163.0,17.424202890987843
CIPLA,2013.0,8279.0,,
CIPLA,2014.0,10173.0,8279.0,22.877159077183233
CIPLA,2015.0,11345.0,10173.0,11.520692027917036
CIPLA,2016.0,13790.0,11345.0,21.551344204495372
CIPLA,2017.0,14394.0,13790.0,4.379985496736766
CIPLA,2018.0,15156.0,14394.0,5.2938724468528555
CIPLA,2019.0,16362.0,15156.0,7.957244655581948
CIPLA,2020.0,17132.0,16362.0,4.7060261581713725
CIPLA,2021.0,19160.0,17132.0,11.83749708148494
CIPLA,2022.0,21763.0,19160.0,13.585594989561587
CIPLA,2023.0,22753.0,21763.0,4.549005192298856
CIPLA,2024.0,25774.0,22753.0,13.277370017140596
CIPLA,,26981.0,25774.0,4.683013889966633
COALINDIA,2013.0,68303.0,,
COALINDIA,2014.0,70608.0,68303.0,3.374668755398738
COALINDIA,2015.0,74120.0,70608.0,4.973940629956945
COALINDIA,2016.0,77861.0,74120.0,5.0472207231516455
COALINDIA,2017.0,78164.0,77861.0,0.38915503268645407
COALINDIA,2018.0,85244.0,78164.0,9.057878307149071
COALINDIA,2019.0,99586.0,85244.0,16.824644549763033
COALINDIA,2020.0,96080.0,99586.0,-3.5205751812503765
COALINDIA,2021.0,90026.0,96080.0,-6.300999167360533
COALINDIA,2022.0,109715.0,90026.0,21.87034856596983
COALINDIA,2023.0,138252.0,109715.0,26.010117121633325
COALINDIA,2024.0,142324.0,138252.0,2.9453461794404423
COALINDIA,,140328.0,142324.0,-1.4024338832522976
DABUR,2013.0,6140.0,,
DABUR,2014.0,7058.0,6140.0,14.951140065146578
DABUR,2015.0,7795.0,7058.0,10.442051572683479
DABUR,2016.0,7780.0,7795.0,-0.19243104554201412
DABUR,2017.0,7614.0,7780.0,-2.133676092544987
DABUR,2018.0,7722.0,7614.0,1.4184397163120568
DABUR,2019.0,8515.0,7722.0,10.26936026936027
DABUR,2020.0,8685.0,8515.0,1.996476805637111
DABUR,2021.0,9562.0,8685.0,10.097869890616003
DABUR,2022.0,10889.0,9562.0,13.877849822212927
DABUR,2023.0,11530.0,10889.0,5.886674625769125
DABUR,2024.0,12404.0,11530.0,7.580225498699046
DABUR,,12447.0,12404.0,0.3466623669783941
DIVISLAB,2013.0,2145.0,,
DIVISLAB,2014.0,2532.0,2145.0,18.041958041958043
DIVISLAB,2015.0,3115.0,2532.0,23.02527646129542
DIVISLAB,2016.0,3776.0,3115.0,21.219903691813805
DIVISLAB,2017.0,4064.0,3776.0,7.627118644067797
DIVISLAB,2018.0,3891.0,4064.0,-4.256889763779528
DIVISLAB,2019.0,4946.0,3891.0,27.11385248008224
DIVISLAB,2020.0,5394.0,4946.0,9.057824504650222
DIVISLAB,2021.0,6969.0,5394.0,29.199110122358174
DIVISLAB,2022.0,8960.0,6969.0,28.569378676998134
DIVISLAB,2023.0,7767.0,8960.0,-13.314732142857144
DIVISLAB,2024.0,7845.0,7767.0,1.004248744689069
DIVISLAB,,8614.0,7845.0,9.802421924792862
DLF,2013.0,7773.0,,
DLF,2014.0,8298.0,7773.0,6.754148977228869
DLF,2015.0,7649.0,8298.0,-7.82116172571704
DLF,2016.0,9926.0,7649.0,29.76859720224866
DLF,2017.0,8221.0,9926.0,-17.177110618577473
DLF,2018.0,6707.0,8221.0,-18.416251064347403
DLF,2019.0,8366.0,6707.0,24.73535112568958
DLF,2020.0,6083.0,8366.0,-27.28902701410471
DLF,2021.0,5414.0,6083.0,-10.997862896597074
DLF,2022.0,5717.0,5414.0,5.596601403768009
DLF,2023.0,5695.0,5717.0,-0.38481721182438344
DLF,2024.0,6427.0,5695.0,12.853380158033362
DLF,,7001.0,6427.0,8.93107203983196
DMART,2013.0,3341.0,,
DMART,2014.0,4686.0,3341.0,40.257407961688116
DMART,2015.0,6439.0,4686.0,37.40930431071276
DMART,2016.0,8584.0,6439.0,33.312626184190094
DMART,2017.0,11898.0,8584.0,38.606710158434296
DMART,2018.0,15033.0,11898.0,26.34896621280888
DMART,2019.0,20005.0,15033.0,33.07390407769574
DMART,2020.0,24870.0,20005.0,24.318920269932516
DMART,2021.0,24143.0,24870.0,-2.923200643345396
DMART,2022.0,30976.0,24143.0,28.30219939526985
DMART,2023.0,42840.0,30976.0,38.300619834710744
DMART,2024.0,50789.0,42840.0,18.555088702147525
DMART,,57213.0,50789.0,12.648408119868476
DRREDDY,2013.0,11833.0,,
DRREDDY,2014.0,13415.0,11833.0,13.369390687061609
DRREDDY,2015.0,15023.0,13415.0,11.98658218412225
DRREDDY,2016.0,15568.0,15023.0,3.627770751514345
DRREDDY,2017.0,14196.0,15568.0,-8.81294964028777
DRREDDY,2018.0,14281.0,14196.0,0.5987602141448296
DRREDDY,2019.0,15448.0,14281.0,8.171696659897766
DRREDDY,2020.0,17517.0,15448.0,13.393319523562921
DRREDDY,2021.0,19048.0,17517.0,8.740081064109152
DRREDDY,2022.0,21545.0,19048.0,13.108987820243595
DRREDDY,2023.0,24670.0,21545.0,14.50452541192852
DRREDDY,2024.0,28011.0,24670.0,13.542764491284961
DRREDDY,,31229.0,28011.0,11.488343864910213
EICHERMOT,2012.0,6390.0,,
EICHERMOT,2013.0,6810.0,6390.0,6.572769953051644
EICHERMOT,2014.0,8738.0,6810.0,28.311306901615275
EICHERMOT,2016.0,6173.0,8738.0,-29.354543373769744
EICHERMOT,2017.0,7033.0,6173.0,13.931637777417787
EICHERMOT,2018.0,8965.0,7033.0,27.470496232048912
EICHERMOT,2019.0,9797.0,8965.0,9.28053541550474
EICHERMOT,2020.0,9154.0,9797.0,-6.563233642951924
EICHERMOT,2021.0,8720.0,9154.0,-4.741096788289272
EICHERMOT,2022.0,10298.0,8720.0,18.09633027522936
EICHERMOT,2023.0,14442.0,10298.0,40.24082346086619
EICHERMOT,2024.0,16536.0,14442.0,14.499376817615289
EICHERMOT,,17091.0,16536.0,3.356313497822932
GAIL,2013.0,50974.0,,
GAIL,2014.0,61765.0,50974.0,21.16961588260682
GAIL,2015.0,60557.0,61765.0,-1.9558002104751882
GAIL,2016.0,52053.0,60557.0,-14.042967782419868
GAIL,2017.0,48552.0,52053.0,-6.725837127543081
GAIL,2018.0,54496.0,48552.0,12.242544076454111
GAIL,2019.0,76190.0,54496.0,39.80842630651791
GAIL,2020.0,72518.0,76190.0,-4.819530122063263
GAIL,2021.0,57372.0,72518.0,-20.88584903058551
GAIL,2022.0,92770.0,57372.0,61.69908666248344
GAIL,2023.0,145668.0,92770.0,57.02058855233373
GAIL,2024.0,133228.0,145668.0,-8.539967597550595
GAIL,,136081.0,133228.0,2.141441738973789
GODREJCP,2013.0,6412.0,,
GODREJCP,2014.0,7599.0,6412.0,18.512164691203992
GODREJCP,2015.0,8273.0,7599.0,8.869588103697854
GODREJCP,2016.0,8424.0,8273.0,1.8252145533663726
GODREJCP,2017.0,9268.0,8424.0,10.018993352326685
GODREJCP,2018.0,9847.0,9268.0,6.247302546396202
GODREJCP,2019.0,10314.0,9847.0,4.742561186148066
GODREJCP,2020.0,9911.0,10314.0,-3.9073104518130695
GODREJCP,2021.0,11029.0,9911.0,11.280395520129149
GODREJCP,2022.0,12276.0,11029.0,11.306555444736603
GODREJCP,2023.0,13316.0,12276.0,8.471814923427827
GODREJCP,2024.0,14096.0,13316.0,5.85761489936918
GODREJCP,,14152.0,14096.0,0.39727582292849034
GRASIM,2013.0,27909.0,,
GRASIM,2014.0,28331.0,27909.0,1.512057042531083
GRASIM,2015.0,31734.0,28331.0,12.011577424023155
GRASIM,2016.0,34487.0,31734.0,8.675237915169848
GRASIM,2017.0,36068.0,34487.0,4.584336126656422
GRASIM,2018.0,55894.0,36068.0,54.968393035377616
GRASIM,2019.0,77200.0,55894.0,38.11858160088739
GRASIM,2020.0,68252.0,77200.0,-11.590673575129534
GRASIM,2021.0,76404.0,68252.0,11.943972337806951
GRASIM,2022.0,95701.0,76404.0,25.25653107167164
GRASIM,2023.0,117627.0,95701.0,22.910941369473672
GRASIM,2024.0,130978.0,117627.0,11.35028522363063
GRASIM,,137116.0,130978.0,4.68628319259723
HAL,2013.0,14328.0,,
HAL,2014.0,15135.0,14328.0,5.632328308207706
HAL,2015.0,15730.0,15135.0,3.931285100759828
HAL,2016.0,16758.0,15730.0,6.535282898919263
HAL,2017.0,17950.0,16758.0,7.113020646855234
HAL,2018.0,18519.0,17950.0,3.16991643454039
HAL,2019.0,20008.0,18519.0,8.040390949835304
HAL,2020.0,21445.0,20008.0,7.182127149140344
HAL,2021.0,22882.0,21445.0,6.700862671951503
HAL,2022.0,24620.0,22882.0,7.595489904728607
HAL,2023.0,26928.0,24620.0,9.374492282696995
HAL,2024.0,30381.0,26928.0,12.823083778966133
HAL,,31154.0,30381.0,2.5443533787564596
HAVELLS,2013.0,7135.0,,
HAVELLS,2014.0,8051.0,7135.0,12.83812193412754
HAVELLS,2015.0,8468.0,8051.0,5.179480809837287
HAVELLS,2016.0,7594.0,8468.0,-10.321209258384506
HAVELLS,2017.0,6130.0,7594.0,-19.278377666578876
HAVELLS,2018.0,8116.0,6130.0,32.39804241435563
HAVELLS,2019.0,10073.0,8116.0,24.112863479546576
HAVELLS,2020.0,9440.0,10073.0,-6.284125881068202
HAVELLS,2021.0,10457.0,9440.0,10.773305084745763
HAVELLS,2022.0,13938.0,10457.0,33.28870612986516
HAVELLS,2023.0,16911.0,13938.0,21.33017649591046
HAVELLS,2024.0,18590.0,16911.0,9.9284489385607
HAVELLS,,20677.0,18590.0,11.226465841850457
HCLTECH,2013.0,25581.0,,
HCLTECH,2014.0,32144.0,25581.0,25.655760134474804
HCLTECH,2015.0,36701.0,32144.0,14.176829268292682
HCLTECH,2016.0,31136.0,36701.0,-15.163074575624641
HCLTECH,2017.0,47568.0,31136.0,52.77492291880781
HCLTECH,2018.0,50569.0,47568.0,6.308863101244534
HCLTECH,2019.0,60427.0,50569.0,19.494156499040916
HCLTECH,2020.0,70676.0,60427.0,16.96096115974647
HCLTECH,2021.0,75379.0,70676.0,6.654309808138548
HCLTECH,2022.0,85651.0,75379.0,13.627137531673277
HCLTECH,2023.0,101456.0,85651.0,18.452790977338267
HCLTECH,2024.0,109913.0,101456.0,8.335633180886296
HCLTECH,,115308.0,109913.0,4.9084275745362245
HDFCBANK,2013.0,35861.0,,
HDFCBANK,2014.0,42555.0,35861.0,18.666517944284877
HDFCBANK,2015.0,50666.0,42555.0,19.060039948302197
HDFCBANK,2016.0,63162.0,50666.0,24.663482414242292
HDFCBANK,2017.0,73271.0,63162.0,16.004876349703938
HDFCBANK,2018.0,85288.0,73271.0,16.40075882682098
HDFCBANK,2019.0,105161.0,85288.0,23.301050558108997
HDFCBANK,2020.0,122189.0,105161.0,16.192314641359438
HDFCBANK,2021.0,128552.0,122189.0,5.207506404013454
HDFCBANK,2022.0,135936.0,128552.0,5.743979090173626
HDFCBANK,2023.0,170754.0,135936.0,25.61352401129944
HDFCBANK,2024.0,283649.0,170754.0,66.11558147978964
HDFCBANK,,329022.0,283649.0,15.99617837538648
HDFCLIFE,2013.0,14060.0,,
HDFCLIFE,2014.0,17166.0,14060.0,22.09103840682788
HDFCLIFE,2015.0,27215.0,17166.0,58.54013748106722
HDFCLIFE,2016.0,18141.0,27215.0,-33.34190703656072
HDFCLIFE,2017.0,30647.0,18141.0,68.93776528306047
HDFCLIFE,2018.0,32260.0,30647.0,5.263157894736842
HDFCLIFE,2019.0,38855.0,32260.0,20.443273403595786
HDFCLIFE,2020.0,29380.0,38855.0,-24.385535967057006
HDFCLIFE,2021.0,71528.0,29380.0,143.4581347855684
HDFCLIFE,2022.0,67126.0,71528.0,-6.1542333072363276
HDFCLIFE,2023.0,70207.0,67126.0,4.589875756040878
HDFCLIFE,2024.0,101482.0,70207.0,44.54684005868361
HDFCLIFE,,100772.0,101482.0,-0.6996314617370568
HEROMOTOCO,2014.0,25275.0,,
HEROMOTOCO,2015.0,27538.0,25275.0,8.95351137487636
HEROMOTOCO,2016.0,28457.0,27538.0,3.337206768828528
HEROMOTOCO,2017.0,28610.0,28457.0,0.537653301472397
HEROMOTOCO,2018.0,32458.0,28610.0,13.449842712338345
HEROMOTOCO,2019.0,33971.0,32458.0,4.661408589561895
HEROMOTOCO,2020.0,29254.0,33971.0,-13.885372817991817
HEROMOTOCO,2021.0,30959.0,29254.0,5.8282628016681475
HEROMOTOCO,2022.0,29551.0,30959.0,-4.5479505151975195
HEROMOTOCO,2023.0,34158.0,29551.0,15.589996954417787
HEROMOTOCO,2024.0,37789.0,34158.0,10.630013466830611
HEROMOTOCO,,40098.0,37789.0,6.110243721717961
HINDALCO,2013.0,80193.0,,
HINDALCO,2014.0,87695.0,80193.0,9.354931228411457
HINDALCO,2015.0,104281.0,87695.0,18.91327897827698
HINDALCO,2016.0,98759.0,104281.0,-5.295307870081798
HINDALCO,2017.0,100184.0,98759.0,1.442906469283812
HINDALCO,2018.0,115183.0,100184.0,14.971452527349676
HINDALCO,2019.0,130542.0,115183.0,13.334433032652388
HINDALCO,2020.0,118144.0,130542.0,-9.497326530924912
HINDALCO,2021.0,132008.0,118144.0,11.734832069339111
HINDALCO,2022.0,195059.0,132008.0,47.763014362765894
HINDALCO,2023.0,223202.0,195059.0,14.427942314889341
HINDALCO,2024.0,215962.0,223202.0,-3.2436985331672656
HINDALCO,,224018.0,215962.0,3.730285883627675
HINDUNILVR,2013.0,27004.0,,
HINDUNILVR,2014.0,29234.0,27004.0,8.258035846541253
HINDUNILVR,2015.0,31972.0,29234.0,9.365806937128001
HINDUNILVR,2016.0,32186.0,31972.0,0.6693356687101214
HINDUNILVR,2017.0,33162.0,32186.0,3.0323743242403527
HINDUNILVR,2018.0,35545.0,33162.0,7.1859357095470715
HINDUNILVR,2019.0,39310.0,35545.0,10.592207061471374
HINDUNILVR,2020.0,39783.0,39310.0,1.2032561689137624
HINDUNILVR,2021.0,47028.0,39783.0,18.21129628233165
HINDUNILVR,2022.0,52446.0,47028.0,11.520796121459556
HINDUNILVR,2023.0,60580.0,52446.0,15.509285741524618
HINDUNILVR,2024.0,61896.0,60580.0,2.172334103664576
HINDUNILVR,,62661.0,61896.0,1.2359441644048081
ICICIBANK,2013.0,44885.0,,
ICICIBANK,2014.0,49479.0,44885.0,10.235045115294641
ICICIBANK,2015.0,54964.0,49479.0,11.085511024879242
ICICIBANK,2016.0,59294.0,54964.0,7.877883705698276
ICICIBANK,2017.0,60940.0,59294.0,2.775997571423753
ICICIBANK,2018.0,62162.0,60940.0,2.005251066622908
ICICIBANK,2019.0,71982.0,62162.0,15.797432515041343
ICICIBANK,2020.0,84836.0,71982.0,17.857242088299852
ICICIBANK,2021.0,89163.0,84836.0,5.100429063133576
ICICIBANK,2022.0,95407.0,89163.0,7.002904792346601
ICICIBANK,2023.0,121067.0,95407.0,26.89530118335133
ICICIBANK,2024.0,159516.0,121067.0,31.758447801630503
ICICIBANK,,180551.0,159516.0,13.186764964016149
ICICIGI,2013.0,4012.0,,
ICICIGI,2014.0,4352.0,4012.0,8.47457627118644
ICICIGI,2015.0,4234.0,4352.0,-2.7113970588235294
ICICIGI,2016.0,6033.0,4234.0,42.489371752479926
ICICIGI,2017.0,7520.0,6033.0,24.6477705950605
ICICIGI,2018.0,6912.0,7520.0,-8.085106382978724
ICICIGI,2019.0,11163.0,6912.0,61.501736111111114
ICICIGI,2020.0,11517.0,11163.0,3.171190540177372
ICICIGI,2021.0,12161.0,11517.0,5.591733958496136
ICICIGI,2022.0,16026.0,12161.0,31.781925828468054
ICICIGI,2023.0,17876.0,16026.0,11.543741420192188
ICICIGI,2024.0,20487.0,17876.0,14.606175878272545
ICICIGI,,23301.0,20487.0,13.735539610484699
ICICIPRULI,2013.0,20025.0,,
ICICIPRULI,2014.0,21888.0,20025.0,9.303370786516854
ICICIPRULI,2015.0,34453.0,21888.0,57.405884502923975
ICICIPRULI,2016.0,20849.0,34453.0,-39.48567613850753
ICICIPRULI,2017.0,37816.0,20849.0,81.38040193774282
ICICIPRULI,2018.0,38832.0,37816.0,2.6866934630844086
ICICIPRULI,2019.0,41463.0,38832.0,6.775339925834363
ICICIPRULI,2020.0,21025.0,41463.0,-49.29213998022333
ICICIPRULI,2021.0,83182.0,21025.0,295.6337693222354
ICICIPRULI,2022.0,63564.0,83182.0,-23.58442932365175
ICICIPRULI,2023.0,50478.0,63564.0,-20.587124787615632
ICICIPRULI,2024.0,90307.0,50478.0,78.90368081144261
ICICIPRULI,,77572.0,90307.0,-14.101896862923141
INDIGO,2013.0,9203.0,,
INDIGO,2014.0,11117.0,9203.0,20.797566011083344
INDIGO,2015.0,13925.0,11117.0,25.258612935144377
INDIGO,2016.0,16140.0,13925.0,15.906642728904846
INDIGO,2017.0,18580.0,16140.0,15.117719950433706
INDIGO,2018.0,23021.0,18580.0,23.90204520990312
INDIGO,2019.0,28497.0,23021.0,23.786977107858043
INDIGO,2020.0,35756.0,28497.0,25.47285679194301
INDIGO,2021.0,14641.0,35756.0,-59.053026065555436
INDIGO,2022.0,25931.0,14641.0,77.11221911071648
INDIGO,2023.0,54446.0,25931.0,109.96490686822722
INDIGO,2024.0,68904.0,54446.0,26.554751496896007
INDIGO,,76476.0,68904.0,10.989202368512712
INDUSINDBK,2013.0,6983.0,,
INDUSINDBK,2014.0,8254.0,6983.0,18.201346126306746
INDUSINDBK,2015.0,9692.0,8254.0,17.421856069784347
INDUSINDBK,2016.0,11872.0,9692.0,22.492777548493603
INDUSINDBK,2017.0,14406.0,11872.0,21.34433962264151
INDUSINDBK,2018.0,17281.0,14406.0,19.956962376787448
INDUSINDBK,2019.0,22261.0,17281.0,28.817776749030728
INDUSINDBK,2020.0,28783.0,22261.0,29.297875207762452
INDUSINDBK,2021.0,29000.0,28783.0,0.7539172428169405
INDUSINDBK,2022.0,30822.0,29000.0,6.282758620689655
INDUSINDBK,2023.0,36368.0,30822.0,17.993640905846473
INDUSINDBK,2024.0,45748.0,36368.0,25.791904971403433
INDUSINDBK,,49004.0,45748.0,7.117251027367316
INFY,2013.0,40352.0,,
INFY,2014.0,50133.0,40352.0,24.239195083267248
INFY,2015.0,53319.0,50133.0,6.355095446113339
INFY,2016.0,62441.0,53319.0,17.108347868489655
INFY,2017.0,68484.0,62441.0,9.677935971557151
INFY,2018.0,70522.0,68484.0,2.9758775772443196
INFY,2019.0,82675.0,70522.0,17.232920223476363
INFY,2020.0,90791.0,82675.0,9.816752343513759
INFY,2021.0,100472.0,90791.0,10.662951173574474
INFY,2022.0,121641.0,100472.0,21.069551715900946
INFY,2023.0,146767.0,121641.0,20.655864387829762
INFY,2024.0,153670.0,146767.0,4.703373374123611
INFY,,159988.0,153670.0,4.1114075616580985
IOC,2013.0,461780.0,,
IOC,2014.0,488345.0,461780.0,5.75273939971415
IOC,2015.0,449507.0,488345.0,-7.952984058401336
IOC,2016.0,346045.0,449507.0,-23.01677170767085
IOC,2017.0,355379.0,346045.0,2.69733705153954
IOC,2018.0,421492.0,355379.0,18.6035190599332
IOC,2019.0,528158.0,421492.0,25.306767388230384
IOC,2020.0,483763.0,528158.0,-8.405628618708795
IOC,2021.0,363950.0,483763.0,-24.766879649745846
IOC,2022.0,589321.0,363950.0,61.923615881302375
IOC,2023.0,841756.0,589321.0,42.83488964418373
IOC,2024.0,776352.0,841756.0,-7.769947585761194
IOC,,761485.0,776352.0,-1.9149818638967893
IRCTC,2015.0,1059.0,,
IRCTC,2016.0,1367.0,1059.0,29.084041548630786
IRCTC,2017.0,1520.0,1367.0,11.19239209948793
IRCTC,2018.0,1466.0,1520.0,-3.552631578947368
IRCTC,2019.0,1870.0,1466.0,27.55798090040928
IRCTC,2020.0,2264.0,1870.0,21.06951871657754
IRCTC,2021.0,777.0,2264.0,-65.68021201413427
IRCTC,2022.0,1879.0,777.0,141.82754182754184
IRCTC,2023.0,3541.0,1879.0,88.45130388504523
IRCTC,2024.0,4270.0,3541.0,20.58740468794126
IRCTC,,4455.0,4270.0,4.332552693208431
IRFC,2013.0,5550.0,,
IRFC,2014.0,6197.0,5550.0,11.657657657657658
IRFC,2015.0,6939.0,6197.0,11.973535581733097
IRFC,2016.0,7507.0,6939.0,8.185617524138925
IRFC,2017.0,9047.0,7507.0,20.51418675902491
IRFC,2018.0,9267.0,9047.0,2.431745329943628
IRFC,2019.0,11134.0,9267.0,20.1467573108881
IRFC,2020.0,13421.0,11134.0,20.5406861864559
IRFC,2021.0,15771.0,13421.0,17.50987258773564
IRFC,2022.0,20299.0,15771.0,28.710925115718723
IRFC,2023.0,23722.0,20299.0,16.862899650229075
IRFC,2024.0,26645.0,23722.0,12.32189528707529
IRFC,,26902.0,26645.0,0.9645336836179396
ITC,2013.0,31618.0,,
ITC,2014.0,35306.0,31618.0,11.664241887532418
ITC,2015.0,38817.0,35306.0,9.944485356596612
ITC,2016.0,39192.0,38817.0,0.9660715665816524
ITC,2017.0,42768.0,39192.0,9.124311083894671
ITC,2018.0,43449.0,42768.0,1.5923120089786758
ITC,2019.0,48340.0,43449.0,11.256875877465534
ITC,2020.0,49388.0,48340.0,2.1679768307819614
ITC,2021.0,49257.0,49388.0,-0.26524661861180854
ITC,2022.0,60645.0,49257.0,23.119556611243073
ITC,2023.0,70919.0,60645.0,16.94121526918955
ITC,2024.0,70866.0,70919.0,-0.07473314626545778
ITC,,75135.0,70866.0,6.024045381424096
JINDALSTEL,2013.0,19807.0,,
JINDALSTEL,2014.0,19286.0,19807.0,-2.630383197859343
JINDALSTEL,2015.0,19401.0,19286.0,0.5962874624079643
JINDALSTEL,2016.0,19469.0,19401.0,0.3504973970413896
JINDALSTEL,2017.0,21603.0,19469.0,10.961014946838564
JINDALSTEL,2018.0,33286.0,21603.0,54.080451789103364
JINDALSTEL,2019.0,46966.0,33286.0,41.09835967073244
JINDALSTEL,2020.0,37923.0,46966.0,-19.254354213686497
JINDALSTEL,2021.0,34579.0,37923.0,-8.817867784721672
JINDALSTEL,2022.0,51166.0,34579.0,47.96842013939096
JINDALSTEL,2023.0,53212.0,51166.0,3.998749169370285
JINDALSTEL,2024.0,50354.0,53212.0,-5.370968954371194
JINDALSTEL,,50019.0,50354.0,-0.6652897485800532
JIOFIN,2023.0,45.0,,
JIOFIN,2024.0,1855.0,45.0,4022.222222222222
JIOFIN,,1968.0,1855.0,6.091644204851752
JSWENERGY,2013.0,8870.0,,
JSWENERGY,2014.0,8648.0,8870.0,-2.5028184892897407
JSWENERGY,2015.0,9347.0,8648.0,8.082793709528215
JSWENERGY,2016.0,9824.0,9347.0,5.103241681823045
JSWENERGY,2017.0,8263.0,9824.0,-15.889657980456025
JSWENERGY,2018.0,8049.0,8263.0,-2.589858404937674
JSWENERGY,2019.0,9138.0,8049.0,13.529631010063362
JSWENERGY,2020.0,8273.0,9138.0,-9.465966294594002
JSWENERGY,2021.0,6922.0,8273.0,-16.33023087150973
JSWENERGY,2022.0,8167.0,6922.0,17.986131175960704
JSWENERGY,2023.0,10332.0,8167.0,26.509122076649934
JSWENERGY,2024.0,11486.0,10332.0,11.169183120402632
JSWENERGY,,11416.0,11486.0,-0.609437576179697
JSWSTEEL,2013.0,38210.0,,
JSWSTEEL,2014.0,51220.0,38210.0,34.04867835645119
JSWSTEEL,2015.0,52972.0,51220.0,3.4205388520109334
JSWSTEEL,2016.0,41546.0,52972.0,-21.569885977497545
JSWSTEEL,2017.0,55604.0,41546.0,33.83719250950754
JSWSTEEL,2018.0,71933.0,55604.0,29.366592331486945
JSWSTEEL,2019.0,84757.0,71933.0,17.827700777112035
JSWSTEEL,2020.0,73326.0,84757.0,-13.486791651427021
JSWSTEEL,2021.0,79839.0,73326.0,8.882251861549792
JSWSTEEL,2022.0,146371.0,79839.0,83.33270707298438
JSWSTEEL,2023.0,165960.0,146371.0,13.383115507853333
JSWSTEEL,2024.0,175006.0,165960.0,5.450711014702338
JSWSTEEL,,170274.0,175006.0,-2.703907294607042
KOTAKBANK,2013.0,10838.0,,
KOTAKBANK,2014.0,11986.0,10838.0,10.592360214061634
KOTAKBANK,2015.0,13319.0,11986.0,11.121308192891707
KOTAKBANK,2016.0,20402.0,13319.0,53.179668143254
KOTAKBANK,2017.0,22324.0,20402.0,9.42064503480051
KOTAKBANK,2018.0,25131.0,22324.0,12.573911485396883
KOTAKBANK,2019.0,29831.0,25131.0,18.70200151207672
KOTAKBANK,2020.0,33474.0,29831.0,12.212128322885588
KOTAKBANK,2021.0,32820.0,33474.0,-1.9537551532532713
KOTAKBANK,2022.0,33741.0,32820.0,2.8062157221206583
KOTAKBANK,2023.0,42151.0,33741.0,24.925165229246318
KOTAKBANK,2024.0,56237.0,42151.0,33.417949752081796
KOTAKBANK,,64053.0,56237.0,13.898323168021054
LICI,2019.0,571508.0,,
LICI,2020.0,628043.0,571508.0,9.892249977253162
LICI,2021.0,690914.0,628043.0,10.010620291922686
LICI,2022.0,723606.0,690914.0,4.731703222108685
LICI,2023.0,784628.0,723606.0,8.433042290970501
LICI,2024.0,845966.0,784628.0,7.817462542759117
LICI,,896106.0,845966.0,5.926952147013
LODHA,2011.0,2173.0,,
LODHA,2012.0,2954.0,2173.0,35.941095260009206
LODHA,2015.0,6236.0,2954.0,111.10358835477318
LODHA,2016.0,8249.0,6236.0,32.28030788967287
LODHA,2017.0,7926.0,8249.0,-3.9156261365013942
LODHA,2018.0,9677.0,7926.0,22.09184960888216
LODHA,2019.0,11907.0,9677.0,23.044331921049913
LODHA,2020.0,12443.0,11907.0,4.501553707902914
LODHA,2021.0,5449.0,12443.0,-56.2083098931126
LODHA,2022.0,9233.0,5449.0,69.44393466691136
LODHA,2023.0,9470.0,9233.0,2.5668796707462365
LODHA,2024.0,10316.0,9470.0,8.933474128827877
LODHA,,13574.0,10316.0,31.582008530438156
LT,2013.0,74426.0,,
LT,2014.0,85054.0,74426.0,14.279955929379518
LT,2015.0,91929.0,85054.0,8.083100148141181
LT,2016.0,101122.0,91929.0,10.00010877960165
LT,2017.0,109312.0,101122.0,8.099127786238405
LT,2018.0,119683.0,109312.0,9.487521955503512
LT,2019.0,135220.0,119683.0,12.981793571350986
LT,2020.0,145452.0,135220.0,7.566927969235321
LT,2021.0,135979.0,145452.0,-6.512801474025795
LT,2022.0,156521.0,135979.0,15.106744423771318
LT,2023.0,183341.0,156521.0,17.135080915659877
LT,2024.0,221113.0,183341.0,20.602047550738785
LT,,238881.0,221113.0,8.0357102477014
LTIM,2013.0,3851.0,,
LTIM,2014.0,4920.0,3851.0,27.759023630225915
LTIM,2015.0,4978.0,4920.0,1.1788617886178863
LTIM,2016.0,5846.0,4978.0,17.436721574929688
LTIM,2017.0,6501.0,5846.0,11.204242216900445
LTIM,2018.0,7306.0,6501.0,12.382710352253499
LTIM,2019.0,9446.0,7306.0,29.29099370380509
LTIM,2020.0,10879.0,9446.0,15.170442515350413
LTIM,2021.0,12370.0,10879.0,13.705303796304808
LTIM,2022.0,26109.0,12370.0,111.06709781729991
LTIM,2023.0,33183.0,26109.0,27.094105480868663
LTIM,2024.0,35517.0,33183.0,7.033722086610614
LTIM,,37129.0,35517.0,4.53867162204015
M&M,2013.0,68693.0,,
M&M,2014.0,74001.0,68693.0,7.727133769088554
M&M,2015.0,71448.0,74001.0,-3.449953379008392
M&M,2016.0,75841.0,71448.0,6.148527600492666
M&M,2017.0,83773.0,75841.0,10.458722854392741
M&M,2018.0,92094.0,83773.0,9.932794575817985
M&M,2019.0,104721.0,92094.0,13.710990944035442
M&M,2020.0,75382.0,104721.0,-28.01634820141137
M&M,2021.0,74278.0,75382.0,-1.4645406065108382
M&M,2022.0,90171.0,74278.0,21.3966450362153
M&M,2023.0,121269.0,90171.0,34.48780650098146
M&M,2024.0,139078.0,121269.0,14.685533813258129
M&M,,145893.0,139078.0,4.900127985734624
MARUTI,2013.0,44304.0,,
MARUTI,2014.0,44542.0,44304.0,0.5371975442397978
MARUTI,2015.0,50801.0,44542.0,14.051906066184724
MARUTI,2016.0,57589.0,50801.0,13.36194169406114
MARUTI,2017.0,68085.0,57589.0,18.22570282519231
MARUTI,2018.0,79809.0,68085.0,17.2196519057061
MARUTI,2019.0,86068.0,79809.0,7.842473906451654
MARUTI,2020.0,75660.0,86068.0,-12.092763861133058
MARUTI,2021.0,70372.0,75660.0,-6.9891620407084325
MARUTI,2022.0,88330.0,70372.0,25.518672199170123
MARUTI,2023.0,118410.0,88330.0,34.05411524963206
MARUTI,2024.0,141858.0,118410.0,19.802381555611856
MARUTI,,145213.0,141858.0,2.3650410974354634
MOTHERSON,2013.0,25298.0,,
MOTHERSON,2014.0,30414.0,25298.0,20.222942525100798
MOTHERSON,2015.0,34661.0,30414.0,13.963963963963963
MOTHERSON,2016.0,37216.0,34661.0,7.371397247627017
MOTHERSON,2017.0,42376.0,37216.0,13.865004299226138
MOTHERSON,2018.0,56303.0,42376.0,32.86530111383802
MOTHERSON,2019.0,63523.0,56303.0,12.823472994334228
MOTHERSON,2020.0,60729.0,63523.0,-4.398406876249547
MOTHERSON,2021.0,57370.0,60729.0,-5.531130102586903
MOTHERSON,2022.0,63774.0,57370.0,11.162628551507757
MOTHERSON,2023.0,78788.0,63774.0,23.542509486624645
MOTHERSON,2024.0,98692.0,78788.0,25.262730365030205
MOTHERSON,,109382.0,98692.0,10.831678352855349
NAUKRI,2013.0,472.0,,
NAUKRI,2014.0,567.0,472.0,20.127118644067796
NAUKRI,2015.0,732.0,567.0,29.100529100529098
NAUKRI,2016.0,748.0,732.0,2.185792349726776
NAUKRI,2017.0,888.0,748.0,18.71657754010695
NAUKRI,2018.0,988.0,888.0,11.26126126126126
NAUKRI,2019.0,1151.0,988.0,16.497975708502025
NAUKRI,2020.0,1312.0,1151.0,13.987836663770633
NAUKRI,2021.0,1128.0,1312.0,-14.02439024390244
NAUKRI,2022.0,1589.0,1128.0,40.86879432624114
NAUKRI,2023.0,2346.0,1589.0,47.64002517306482
NAUKRI,2024.0,2536.0,2346.0,8.098891730605287
NAUKRI,,2662.0,2536.0,4.968454258675079
NESTLEIND,2013.0,9101.0,,
NESTLEIND,2014.0,9855.0,9101.0,8.284803867706845
NESTLEIND,2015.0,8175.0,9855.0,-17.04718417047184
NESTLEIND,2016.0,9141.0,8175.0,11.81651376146789
NESTLEIND,2017.0,10010.0,9141.0,9.50661853188929
NESTLEIND,2018.0,11292.0,10010.0,12.807192807192807
NESTLEIND,2019.0,12369.0,11292.0,9.537725823591924
NESTLEIND,2020.0,13350.0,12369.0,7.931118117875334
NESTLEIND,2021.0,14741.0,13350.0,10.41947565543071
NESTLEIND,2022.0,16897.0,14741.0,14.625873414286684
NESTLEIND,2023.0,19126.0,16897.0,13.191690832692194
NESTLEIND,2024.0,24394.0,19126.0,27.54365784795566
NESTLEIND,,19786.0,24394.0,-18.889890956792655
NHPC,2013.0,6381.0,,
NHPC,2014.0,7389.0,6381.0,15.796897038081806
NHPC,2015.0,8221.0,7389.0,11.259981052916498
NHPC,2016.0,8354.0,8221.0,1.6178080525483518
NHPC,2017.0,8623.0,8354.0,3.220014364376347
NHPC,2018.0,7755.0,8623.0,-10.06610228458773
NHPC,2019.0,8983.0,7755.0,15.834945196647324
NHPC,2020.0,10008.0,8983.0,11.410441945897807
NHPC,2021.0,9648.0,10008.0,-3.597122302158273
NHPC,2022.0,9144.0,9648.0,-5.223880597014925
NHPC,2023.0,10607.0,9144.0,15.999562554680665
NHPC,2024.0,9632.0,10607.0,-9.192042990477987
NHPC,,9690.0,9632.0,0.6021594684385383
NTPC,2013.0,71518.0,,
NTPC,2014.0,78330.0,71518.0,9.524874856679437
NTPC,2015.0,79957.0,78330.0,2.0771096642410316
NTPC,2016.0,73396.0,79957.0,-8.205660542541617
NTPC,2017.0,82042.0,73396.0,11.779933511363016
NTPC,2018.0,88083.0,82042.0,7.363301723507472
NTPC,2019.0,100287.0,88083.0,13.855113926637378
NTPC,2020.0,109464.0,100287.0,9.150737383708755
NTPC,2021.0,111531.0,109464.0,1.8882920412190312
NTPC,2022.0,132669.0,111531.0,18.952578206955913
NTPC,2023.0,176207.0,132669.0,32.81701075609223
NTPC,2024.0,178501.0,176207.0,1.301877904964048
NTPC,,185892.0,178501.0,4.1405930498988806
ONGC,2013.0,161984.0,,
ONGC,2014.0,174121.0,161984.0,7.492715329909126
ONGC,2015.0,160923.0,174121.0,-7.579786470328105
ONGC,2016.0,124036.0,160923.0,-22.922142888213617
ONGC,2017.0,282506.0,124036.0,127.7612951078719
ONGC,2018.0,322706.0,282506.0,14.229786270026123
ONGC,2019.0,421624.0,322706.0,30.652668373070224
ONGC,2020.0,396728.0,421624.0,-5.904787203764491
ONGC,2021.0,303849.0,396728.0,-23.411254058196043
ONGC,2022.0,491246.0,303849.0,61.67438431589375
ONGC,2023.0,632291.0,491246.0,28.71168416638507
ONGC,2024.0,591396.0,632291.0,-6.4677498177263315
ONGC,,658694.0,591396.0,11.379515586848745
PFC,2013.0,17314.0,,
PFC,2014.0,21407.0,17314.0,23.639829040083168
PFC,2015.0,24988.0,21407.0,16.728173027514366
PFC,2016.0,27861.0,24988.0,11.497518809028334
PFC,2017.0,27581.0,27861.0,-1.0049890527978178
PFC,2018.0,48624.0,27581.0,76.29527573329466
PFC,2019.0,54106.0,48624.0,11.274267851266865
PFC,2020.0,62189.0,54106.0,14.93919343510886
PFC,2021.0,71656.0,62189.0,15.222949396195467
PFC,2022.0,76262.0,71656.0,6.427933459863794
PFC,2023.0,77684.0,76262.0,1.8646245836720778
PFC,2024.0,91508.0,77684.0,17.795170176612945
PFC,,98152.0,91508.0,7.260567382086812
PIDILITIND,2013.0,3678.0,,
PIDILITIND,2014.0,4283.0,3678.0,16.44915715062534
PIDILITIND,2015.0,4844.0,4283.0,13.09829558720523
PIDILITIND,2016.0,5361.0,4844.0,10.672997522708505
PIDILITIND,2017.0,5617.0,5361.0,4.775228502145122
PIDILITIND,2018.0,6078.0,5617.0,8.207228057682038
PIDILITIND,2019.0,7078.0,6078.0,16.452780519907865
PIDILITIND,2020.0,7294.0,7078.0,3.0517095224639728
PIDILITIND,2021.0,7293.0,7294.0,-0.013709898546750754
PIDILITIND,2022.0,9921.0,7293.0,36.03455368161251
PIDILITIND,2023.0,11799.0,9921.0,18.929543392803144
PIDILITIND,2024.0,12383.0,11799.0,4.949571997626918
PIDILITIND,,12901.0,12383.0,4.183154324477106
PNB,2013.0,43071.0,,
PNB,2014.0,44958.0,43071.0,4.3811381207773215
PNB,2015.0,48710.0,44958.0,8.345566973619823
PNB,2016.0,50804.0,48710.0,4.298911927735578
PNB,2017.0,48058.0,50804.0,-5.405086213683962
PNB,2018.0,48725.0,48058.0,1.3879062799117734
PNB,2019.0,52147.0,48725.0,7.023088763468445
PNB,2020.0,54918.0,52147.0,5.313824381076572
PNB,2021.0,81935.0,54918.0,49.19516369860519
PNB,2022.0,76242.0,81935.0,-6.948190638921097
PNB,2023.0,86845.0,76242.0,13.907032869022323
PNB,2024.0,109065.0,86845.0,25.58581380620646
PNB,,116126.0,109065.0,6.4741209370558845
POWERGRID,2013.0,13081.0,,
POWERGRID,2014.0,15555.0,13081.0,18.91292714624264
POWERGRID,2015.0,17540.0,15555.0,12.761170041787206
POWERGRID,2016.0,20652.0,17540.0,17.74230330672748
POWERGRID,2017.0,25697.0,20652.0,24.428626767383303
POWERGRID,2018.0,29954.0,25697.0,16.566136124839474
POWERGRID,2019.0,35059.0,29954.0,17.042798958402887
POWERGRID,2020.0,37744.0,35059.0,7.658518497390114
POWERGRID,2021.0,39640.0,37744.0,5.023314963967783
POWERGRID,2022.0,41622.0,39640.0,5.0
POWERGRID,2023.0,45603.0,41622.0,9.564653308346548
POWERGRID,2024.0,45843.0,45603.0,0.526281165712782
POWERGRID,,45812.0,45843.0,-0.06762210152040661
RECLTD,2013.0,13634.0,,
RECLTD,2014.0,17223.0,13634.0,26.32389614199795
RECLTD,2015.0,20544.0,17223.0,19.282354990419787
RECLTD,2016.0,24125.0,20544.0,17.430880062305295
RECLTD,2017.0,24338.0,24125.0,0.8829015544041452
RECLTD,2018.0,22658.0,24338.0,-6.902785767113157
RECLTD,2019.0,25408.0,22658.0,12.136993556359785
RECLTD,2020.0,29942.0,25408.0,17.84477329974811
RECLTD,2021.0,35557.0,29942.0,18.752922316478525
RECLTD,2022.0,39276.0,35557.0,10.459262592457181
RECLTD,2023.0,39486.0,39276.0,0.5346776657500764
RECLTD,2024.0,47517.0,39486.0,20.338854277465433
RECLTD,,51490.0,47517.0,8.361218090367657
RELIANCE,2013.0,395957.0,,
RELIANCE,2014.0,433521.0,395957.0,9.486888727816405
RELIANCE,2015.0,374372.0,433521.0,-13.643860389692772
RELIANCE,2016.0,272583.0,374372.0,-27.189266291282465
RELIANCE,2017.0,303954.0,272583.0,11.508788148930785
RELIANCE,2018.0,390823.0,303954.0,28.579653500200685
RELIANCE,2019.0,568337.0,390823.0,45.4205612259258
RELIANCE,2020.0,596679.0,568337.0,4.986829996991222
RELIANCE,2021.0,466307.0,596679.0,-21.8496042260579
RELIANCE,2022.0,694673.0,466307.0,48.97331586272563
RELIANCE,2023.0,876396.0,694673.0,26.15950238457519
RELIANCE,2024.0,899041.0,876396.0,2.5838776078393786
RELIANCE,,939838.0,899041.0,4.537835315630766
SBILIFE,2013.0,14870.0,,
SBILIFE,2014.0,17258.0,14870.0,16.05917955615333
SBILIFE,2015.0,23399.0,17258.0,35.5834975084019
SBILIFE,2016.0,19324.0,23399.0,-17.415274157015258
SBILIFE,2017.0,30548.0,19324.0,58.08321258538604
SBILIFE,2018.0,34068.0,30548.0,11.522849286368993
SBILIFE,2019.0,44604.0,34068.0,30.926382529059527
SBILIFE,2020.0,43798.0,44604.0,-1.8070128239619767
SBILIFE,2021.0,81913.0,43798.0,87.02452166765606
SBILIFE,2022.0,82983.0,81913.0,1.3062639629851185
SBILIFE,2023.0,80636.0,82983.0,-2.828290131713725
SBILIFE,2024.0,131988.0,80636.0,63.68371446996379
SBILIFE,,130073.0,131988.0,-1.4508894748007395
SBIN,2013.0,167976.0,,
SBIN,2014.0,189062.0,167976.0,12.552983759584702
SBIN,2015.0,207974.0,189062.0,10.00306777670817
SBIN,2016.0,220633.0,207974.0,6.08681854462577
SBIN,2017.0,230447.0,220633.0,4.448110663409373
SBIN,2018.0,228970.0,230447.0,-0.6409282828589654
SBIN,2019.0,253322.0,228970.0,10.635454426344063
SBIN,2020.0,269852.0,253322.0,6.525291920954358
SBIN,2021.0,278115.0,269852.0,3.0620488267643005
SBIN,2022.0,289973.0,278115.0,4.263703863509699
SBIN,2023.0,350845.0,289973.0,20.992299283036697
SBIN,2024.0,439189.0,350845.0,25.180350297139764
SBIN,,469625.0,439189.0,6.9300460621736875
SHREECEM,2013.0,5418.0,,
SHREECEM,2014.0,5715.0,5418.0,5.48172757475083
SHREECEM,2015.0,6259.0,5715.0,9.51881014873141
SHREECEM,2016.0,5514.0,6259.0,-11.902859881770251
SHREECEM,2017.0,8594.0,5514.0,55.85781646717447
SHREECEM,2018.0,9833.0,8594.0,14.417035140795903
SHREECEM,2019.0,12555.0,9833.0,27.68229431506153
SHREECEM,2020.0,12868.0,12555.0,2.4930306650736758
SHREECEM,2021.0,13560.0,12868.0,5.377681069319242
SHREECEM,2022.0,15010.0,13560.0,10.693215339233038
SHREECEM,2023.0,17852.0,15010.0,18.93404397068621
SHREECEM,2024.0,20521.0,17852.0,14.950705803271342
SHREECEM,,19802.0,20521.0,-3.503727888504459
SHRIRAMFIN,2013.0,7009.0,,
SHRIRAMFIN,2014.0,8476.0,7009.0,20.930232558139537
SHRIRAMFIN,2015.0,9177.0,8476.0,8.270410571024069
SHRIRAMFIN,2016.0,10359.0,9177.0,12.880026152337365
SHRIRAMFIN,2017.0,10903.0,10359.0,5.251472149821412
SHRIRAMFIN,2018.0,13502.0,10903.0,23.8374759240576
SHRIRAMFIN,2019.0,15536.0,13502.0,15.064434898533552
SHRIRAMFIN,2020.0,16561.0,15536.0,6.597579814624099
SHRIRAMFIN,2021.0,17422.0,16561.0,5.198961415373468
SHRIRAMFIN,2022.0,19255.0,17422.0,10.52118011709333
SHRIRAMFIN,2023.0,30492.0,19255.0,58.358867826538564
SHRIRAMFIN,2024.0,36388.0,30492.0,19.336219336219337
SHRIRAMFIN,,39864.0,36388.0,9.552599758162032
SIEMENS,2011.0,11955.0,,
SIEMENS,2014.0,10678.0,11955.0,-10.68172312839816
SIEMENS,2015.0,10563.0,10678.0,-1.0769807079977525
SIEMENS,2016.0,10837.0,10563.0,2.593960049228439
SIEMENS,2017.0,11065.0,10837.0,2.103903294269632
SIEMENS,2018.0,12795.0,11065.0,15.634884771802982
SIEMENS,2019.0,13084.0,12795.0,2.258694802657288
SIEMENS,2020.0,9946.0,13084.0,-23.983491287068176
SIEMENS,2021.0,13198.0,9946.0,32.69656143173135
SIEMENS,2022.0,16138.0,13198.0,22.2761024397636
SIEMENS,2023.0,19554.0,16138.0,21.16743090841492
SIEMENS,2024.0,22240.0,19554.0,13.736319934540248
SUNPHARMA,2013.0,11131.0,,
SUNPHARMA,2014.0,16080.0,11131.0,44.461414068816815
SUNPHARMA,2015.0,27392.0,16080.0,70.34825870646766
SUNPHARMA,2016.0,28487.0,27392.0,3.997517523364486
SUNPHARMA,2017.0,31578.0,28487.0,10.850563414891003
SUNPHARMA,2018.0,26489.0,31578.0,-16.11565013617075
SUNPHARMA,2019.0,29066.0,26489.0,9.728566574804635
SUNPHARMA,2020.0,32838.0,29066.0,12.977361866097848
SUNPHARMA,2021.0,33498.0,32838.0,2.0098666179426274
SUNPHARMA,2022.0,38654.0,33498.0,15.391963699325334
SUNPHARMA,2023.0,43886.0,38654.0,13.535468515548196
SUNPHARMA,2024.0,48497.0,43886.0,10.506767534065533
SUNPHARMA,,50308.0,48497.0,3.73425160319195
TATACONSUM,2013.0,7351.0,,
TATACONSUM,2014.0,7738.0,7351.0,5.264589851720855
TATACONSUM,2015.0,7993.0,7738.0,3.2954251744636855
TATACONSUM,2016.0,6637.0,7993.0,-16.96484423870887
TATACONSUM,2017.0,6780.0,6637.0,2.154587916227211
TATACONSUM,2018.0,6815.0,6780.0,0.5162241887905604
TATACONSUM,2019.0,7252.0,6815.0,6.412325752017608
TATACONSUM,2020.0,9637.0,7252.0,32.887479316050744
TATACONSUM,2021.0,11602.0,9637.0,20.390162913769846
TATACONSUM,2022.0,12425.0,11602.0,7.093604550939493
TATACONSUM,2023.0,13783.0,12425.0,10.929577464788732
TATACONSUM,2024.0,15206.0,13783.0,10.32431255894943
TATACONSUM,,16297.0,15206.0,7.174799421281073
TATAMOTORS,2013.0,188793.0,,
TATAMOTORS,2014.0,232834.0,188793.0,23.32766575031913
TATAMOTORS,2015.0,263159.0,232834.0,13.02430057465834
TATAMOTORS,2016.0,273046.0,263159.0,3.757044220414274
TATAMOTORS,2017.0,269693.0,273046.0,-1.22799821275536
TATAMOTORS,2018.0,291550.0,269693.0,8.104400188362323
TATAMOTORS,2019.0,301938.0,291550.0,3.563025210084034
TATAMOTORS,2020.0,261068.0,301938.0,-13.535891474408654
TATAMOTORS,2021.0,249795.0,261068.0,-4.318032083595079
TATAMOTORS,2022.0,278454.0,249795.0,11.473007866450489
TATAMOTORS,2023.0,345967.0,278454.0,24.245656374122834
TATAMOTORS,2024.0,437928.0,345967.0,26.580858868042327
TATAMOTORS,,440061.0,437928.0,0.48706636707403955
TATAPOWER,2013.0,33177.0,,
TATAPOWER,2014.0,35726.0,33177.0,7.6830334267715585
TATAPOWER,2015.0,33593.0,35726.0,-5.970441695123999
TATAPOWER,2016.0,29494.0,33593.0,-12.201946834161879
TATAPOWER,2017.0,27588.0,29494.0,-6.4623313216247364
TATAPOWER,2018.0,26840.0,27588.0,-2.711323763955343
TATAPOWER,2019.0,29881.0,26840.0,11.330104321907601
TATAPOWER,2020.0,29136.0,29881.0,-2.4932231183695324
TATAPOWER,2021.0,32703.0,29136.0,12.242586490939045
TATAPOWER,2022.0,42816.0,32703.0,30.923768461609026
TATAPOWER,2023.0,55109.0,42816.0,28.711229446935725
TATAPOWER,2024.0,61449.0,55109.0,11.504472953601045
TATAPOWER,,63489.0,61449.0,3.3198261973343746
TATASTEEL,2013.0,134712.0,,
TATASTEEL,2014.0,148614.0,134712.0,10.31979333689649
TATASTEEL,2015.0,139504.0,148614.0,-6.129974295826773
TATASTEEL,2016.0,101965.0,139504.0,-26.908905837825436
TATASTEEL,2017.0,112299.0,101965.0,10.134850193693914
TATASTEEL,2018.0,123249.0,112299.0,9.750754681697966
TATASTEEL,2019.0,157669.0,123249.0,27.92720427751949
TATASTEEL,2020.0,139817.0,157669.0,-11.322454001737817
TATASTEEL,2021.0,156294.0,139817.0,11.784689987626683
TATASTEEL,2022.0,243959.0,156294.0,56.089805110880775
TATASTEEL,2023.0,243353.0,243959.0,-0.24840239548448712
TATASTEEL,2024.0,229171.0,243353.0,-5.827748168298727
TATASTEEL,,221012.0,229171.0,-3.560223588499418
TCS,2013.0,62989.0,,
TCS,2014.0,81809.0,62989.0,29.878232707298103
TCS,2015.0,94648.0,81809.0,15.693872312337273
TCS,2016.0,108646.0,94648.0,14.789535964838137
TCS,2017.0,117966.0,108646.0,8.578318575925483
TCS,2018.0,123104.0,117966.0,4.355492260481833
TCS,2019.0,146463.0,123104.0,18.975012997140627
TCS,2020.0,156949.0,146463.0,7.15948737906502
TCS,2021.0,164177.0,156949.0,4.60531765095668
TCS,2022.0,191754.0,164177.0,16.797115308478045
TCS,2023.0,225458.0,191754.0,17.576686796624845
TCS,2024.0,240893.0,225458.0,6.846064455463989
TCS,,252082.0,240893.0,4.644800803676321
TECHM,2013.0,6873.0,,
TECHM,2014.0,18802.0,6873.0,173.5632183908046
TECHM,2015.0,22621.0,18802.0,20.311668971386023
TECHM,2016.0,26494.0,22621.0,17.12125900711728
TECHM,2017.0,29141.0,26494.0,9.990941345210235
TECHM,2018.0,30773.0,29141.0,5.6003568854878
TECHM,2019.0,34742.0,30773.0,12.89767003542066
TECHM,2020.0,36868.0,34742.0,6.119394392953773
TECHM,2021.0,37855.0,36868.0,2.677118368232614
TECHM,2022.0,44646.0,37855.0,17.93950600977414
TECHM,2023.0,53290.0,44646.0,19.36119697173319
TECHM,2024.0,51996.0,53290.0,-2.4282229311315446
TECHM,,52476.0,51996.0,0.9231479344564966
TITAN,2013.0,10123.0,,
TITAN,2014.0,10927.0,10123.0,7.9423095920181765
TITAN,2015.0,11913.0,10927.0,9.023519721790061
TITAN,2016.0,11276.0,11913.0,-5.347099806933602
TITAN,2017.0,13261.0,11276.0,17.603760198652004
TITAN,2018.0,16120.0,13261.0,21.559460070884548
TITAN,2019.0,19779.0,16120.0,22.698511166253102
TITAN,2020.0,21052.0,19779.0,6.43611911623439
TITAN,2021.0,21644.0,21052.0,2.812084362530876
TITAN,2022.0,28799.0,21644.0,33.05766032156718
TITAN,2023.0,40575.0,28799.0,40.890308691274
TITAN,2024.0,51084.0,40575.0,25.90018484288355
TITAN,,54458.0,51084.0,6.604807767598466
TORNTPHARM,2013.0,3203.0,,
TORNTPHARM,2014.0,4172.0,3203.0,30.25288791757727
TORNTPHARM,2015.0,4636.0,4172.0,11.12176414189837
TORNTPHARM,2016.0,6687.0,4636.0,44.240724762726494
TORNTPHARM,2017.0,5816.0,6687.0,-13.025272917601317
TORNTPHARM,2018.0,5950.0,5816.0,2.3039889958734525
TORNTPHARM,2019.0,7673.0,5950.0,28.957983193277308
TORNTPHARM,2020.0,7939.0,7673.0,3.4667014205656197
TORNTPHARM,2021.0,8005.0,7939.0,0.8313389595666961
TORNTPHARM,2022.0,8508.0,8005.0,6.283572767020612
TORNTPHARM,2023.0,9620.0,8508.0,13.07005171603197
TORNTPHARM,2024.0,10728.0,9620.0,11.517671517671518
TORNTPHARM,,11302.0,10728.0,5.35048471290082
TRENT,2013.0,2132.0,,
TRENT,2014.0,2333.0,2132.0,9.427767354596622
TRENT,2015.0,2284.0,2333.0,-2.100300042863266
TRENT,2016.0,1686.0,2284.0,-26.182136602451838
TRENT,2017.0,1812.0,1686.0,7.473309608540925
TRENT,2018.0,2157.0,1812.0,19.039735099337747
TRENT,2019.0,2630.0,2157.0,21.92860454334724
TRENT,2020.0,3486.0,2630.0,32.547528517110266
TRENT,2021.0,2593.0,3486.0,-25.61675272518646
TRENT,2022.0,4498.0,2593.0,73.46702661010413
TRENT,2023.0,8242.0,4498.0,83.23699421965318
TRENT,2024.0,12375.0,8242.0,50.14559572919194
TRENT,,15025.0,12375.0,21.41414141414141
TVSMOTOR,2013.0,7510.0,,
TVSMOTOR,2014.0,8384.0,7510.0,11.637816245006658
TVSMOTOR,2015.0,10256.0,8384.0,22.328244274809162
TVSMOTOR,2016.0,11377.0,10256.0,10.9301872074883
TVSMOTOR,2017.0,12463.0,11377.0,9.545574404500307
TVSMOTOR,2018.0,16340.0,12463.0,31.108079916552995
TVSMOTOR,2019.0,20160.0,16340.0,23.378212974296204
TVSMOTOR,2020.0,18849.0,20160.0,-6.502976190476191
TVSMOTOR,2021.0,19421.0,18849.0,3.034643747678922
TVSMOTOR,2022.0,24355.0,19421.0,25.405488903763967
TVSMOTOR,2023.0,31974.0,24355.0,31.28310408540341
TVSMOTOR,2024.0,39145.0,31974.0,22.42759742290611
TVSMOTOR,,42886.0,39145.0,9.556776088900243
ULTRACEMCO,2013.0,20514.0,,
ULTRACEMCO,2014.0,20730.0,20514.0,1.052939455981281
ULTRACEMCO,2015.0,23306.0,20730.0,12.426435118186204
ULTRACEMCO,2016.0,25153.0,23306.0,7.924997854629709
ULTRACEMCO,2017.0,25375.0,25153.0,0.8825984971971534
ULTRACEMCO,2018.0,30979.0,25375.0,22.08472906403941
ULTRACEMCO,2019.0,41462.0,30979.0,33.839052261209204
ULTRACEMCO,2020.0,42430.0,41462.0,2.3346678886691428
ULTRACEMCO,2021.0,44726.0,42430.0,5.411265613952392
ULTRACEMCO,2022.0,52599.0,44726.0,17.602736663238385
ULTRACEMCO,2023.0,63240.0,52599.0,20.230422631608967
ULTRACEMCO,2024.0,70908.0,63240.0,12.125237191650854
ULTRACEMCO,,71317.0,70908.0,0.5768037456986518
UNIONBANK,2013.0,25169.0,,
UNIONBANK,2014.0,29394.0,25169.0,16.786523103818187
UNIONBANK,2015.0,32164.0,29394.0,9.423691909913588
UNIONBANK,2016.0,32316.0,32164.0,0.47257803755751776
UNIONBANK,2017.0,32817.0,32316.0,1.5503156331229113
UNIONBANK,2018.0,32952.0,32817.0,0.4113721546759302
UNIONBANK,2019.0,34314.0,32952.0,4.133284777858703
UNIONBANK,2020.0,37479.0,34314.0,9.223640496590313
UNIONBANK,2021.0,69311.0,37479.0,84.9328957549561
UNIONBANK,2022.0,68230.0,69311.0,-1.5596369984562335
UNIONBANK,2023.0,81163.0,68230.0,18.95500512970834
UNIONBANK,2024.0,100376.0,81163.0,23.672116604856893
UNIONBANK,,107058.0,100376.0,6.656969793576153
UNITDSPR,2013.0,10378.0,,
UNITDSPR,2014.0,10508.0,10378.0,1.2526498361919445
UNITDSPR,2015.0,9254.0,10508.0,-11.933764750666159
UNITDSPR,2016.0,8495.0,9254.0,-8.201858655716448
UNITDSPR,2017.0,8818.0,8495.0,3.8022366097704534
UNITDSPR,2018.0,8591.0,8818.0,-2.574279882059424
UNITDSPR,2019.0,9341.0,8591.0,8.730066348504248
UNITDSPR,2020.0,9325.0,9341.0,-0.17128787067765763
UNITDSPR,2021.0,8131.0,9325.0,-12.804289544235925
UNITDSPR,2022.0,9712.0,8131.0,19.444102816381747
UNITDSPR,2023.0,10612.0,9712.0,9.266886326194399
UNITDSPR,2024.0,11321.0,10612.0,6.6811157180550325
UNITDSPR,,11821.0,11321.0,4.416570974295557
VBL,2012.0,1800.0,,
VBL,2013.0,2115.0,1800.0,17.5
VBL,2014.0,2502.0,2115.0,18.29787234042553
VBL,2015.0,3394.0,2502.0,35.651478816946444
VBL,2016.0,3861.0,3394.0,13.759575721862111
VBL,2017.0,4004.0,3861.0,3.7037037037037033
VBL,2018.0,5105.0,4004.0,27.497502497502495
VBL,2019.0,7130.0,5105.0,39.66699314397649
VBL,2020.0,6450.0,7130.0,-9.537166900420758
VBL,2021.0,8823.0,6450.0,36.7906976744186
VBL,2022.0,13173.0,8823.0,49.302958177490645
VBL,2023.0,16043.0,13173.0,21.786988537159342
VBL,,18987.0,16043.0,18.350682540671944
VEDL,2013.0,2749.0,,
VEDL,2014.0,66152.0,2749.0,2306.4023281193163
VEDL,2015.0,73710.0,66152.0,11.425202563792478
VEDL,2016.0,64262.0,73710.0,-12.817799484466153
VEDL,2017.0,72225.0,64262.0,12.391459960785534
VEDL,2018.0,91866.0,72225.0,27.19418483904465
VEDL,2019.0,92048.0,91866.0,0.19811464524415998
VEDL,2020.0,84447.0,92048.0,-8.257648183556405
VEDL,2021.0,88021.0,84447.0,4.232240340094971
VEDL,2022.0,132732.0,88021.0,50.79583281262426
VEDL,2023.0,147308.0,132732.0,10.981526685350932
VEDL,2024.0,143727.0,147308.0,-2.430960979715969
VEDL,,144448.0,143727.0,0.5016454806682112
WIPRO,2013.0,37430.0,,
WIPRO,2014.0,43424.0,37430.0,16.013892599519103
WIPRO,2015.0,46951.0,43424.0,8.122236551215918
WIPRO,2016.0,51244.0,46951.0,9.1435752167153
WIPRO,2017.0,55448.0,51244.0,8.203887284364999
WIPRO,2018.0,54487.0,55448.0,-1.7331553888327804
WIPRO,2019.0,59019.0,54487.0,8.31758034026465
WIPRO,2020.0,61138.0,59019.0,3.5903692031379726
WIPRO,2021.0,61935.0,61138.0,1.3036082305603718
WIPRO,2022.0,79312.0,61935.0,28.05683377734722
WIPRO,2023.0,90488.0,79312.0,14.091184183982246
WIPRO,2024.0,89760.0,90488.0,-0.8045265670586156
WIPRO,,88792.0,89760.0,-1.0784313725490196
ZOMATO,2018.0,466.0,,
ZOMATO,2019.0,1313.0,466.0,181.75965665236052
ZOMATO,2020.0,2605.0,1313.0,98.4006092916984
ZOMATO,2021.0,1994.0,2605.0,-23.454894433781188
ZOMATO,2022.0,4192.0,1994.0,110.23069207622869
ZOMATO,2023.0,7079.0,4192.0,68.8692748091603
ZOMATO,2024.0,12114.0,7079.0,71.12586523520271
ZOMATO,,17972.0,12114.0,48.35727257718342
ZYDUSLIFE,2013.0,6358.0,,
ZYDUSLIFE,2014.0,7224.0,6358.0,13.620635419943378
ZYDUSLIFE,2015.0,8651.0,7224.0,19.75359911406423
ZYDUSLIFE,2016.0,9427.0,8651.0,8.970061264593689
ZYDUSLIFE,2017.0,9376.0,9427.0,-0.5409992574519995
ZYDUSLIFE,2018.0,11905.0,9376.0,26.9731228668942
ZYDUSLIFE,2019.0,13166.0,11905.0,10.592188156236876
ZYDUSLIFE,2020.0,14253.0,13166.0,8.256114233632083
ZYDUSLIFE,2021.0,14404.0,14253.0,1.0594260857363362
ZYDUSLIFE,2022.0,15110.0,14404.0,4.9014162732574285
ZYDUSLIFE,2023.0,17237.0,15110.0,14.076770350761086
ZYDUSLIFE,2024.0,19547.0,17237.0,13.401403956604977
ZYDUSLIFE,,21484.0,19547.0,9.909449020310023
